method,N,drift_level,final_fidelity_mean,final_fidelity_std,final_fidelity_count,tracking_fidelity_mean,tracking_fidelity_std,tracking_fidelity_count,final_fidelity_ci95,tracking_fidelity_ci95
Balanced_random,10,0.0,0.7760407445975975,0.1418508618828776,240,0.6736030648908323,0.1412641374832996,240,0.017946610173440077,0.017872379295046356
Balanced_random,10,0.0025,0.7794995276455563,0.14792730569837498,240,0.6667303461398343,0.13851380617505918,240,0.018715386386358564,0.017524414374836334
Balanced_random,10,0.005,0.7776171109726201,0.15566875355144028,240,0.6679013656621618,0.1409447232192005,240,0.0196948146743001,0.01783196781495006
Balanced_random,10,0.01,0.7736594947590097,0.15808623733663626,240,0.6603871384677114,0.15073262592139647,240,0.020000668572666587,0.019070308364173578
Balanced_random,25,0.0,0.8649380818070475,0.10385775384191907,240,0.7656531156974471,0.09207263229953028,240,0.013139818799472557,0.011648795203560288
Balanced_random,25,0.0025,0.8569256000279768,0.10376129164114424,240,0.765059719524168,0.09212318260055384,240,0.013127614647232668,0.011655190699044617
Balanced_random,25,0.005,0.8500228616663641,0.12142028385284699,240,0.7636586633839282,0.09336260356550893,240,0.01536178541695922,0.011811999086414188
Balanced_random,25,0.01,0.8601543366067939,0.10294716641292839,240,0.7670248317508394,0.08370220491050387,240,0.01302461359451283,0.010589790024867924
Balanced_random,50,0.0,0.8869093936715448,0.09116290651971715,240,0.8226609129641904,0.05503870478353453,240,0.01153369901226245,0.006963356909432886
Balanced_random,50,0.0025,0.873068210446888,0.10138616143846282,240,0.8249790752798851,0.05402278549745782,240,0.012827119216377395,0.006834825385881397
Balanced_random,50,0.005,0.8802458927461536,0.10092589343649443,240,0.8176483815573611,0.055882785725102246,240,0.012768887279701146,0.007070147882797953
Balanced_random,50,0.01,0.8814581852196689,0.08759187568574929,240,0.8278731847290944,0.05157184512794195,240,0.011081901275936593,0.006524738645581105
Balanced_random,100,0.0,0.8845065173781995,0.09241935674341656,240,0.8517905392130043,0.036076588715096926,240,0.011692661898125511,0.004564318224530464
Balanced_random,100,0.0025,0.8772519613493077,0.10098350564952818,240,0.8492174663836722,0.03345969989654398,240,0.01277617623032733,0.0042332361086348195
Balanced_random,100,0.005,0.8810794160035126,0.07915052920070209,240,0.8520811983529902,0.036207489952349944,240,0.010013923593635553,0.0045808795160518405
Balanced_random,100,0.01,0.8748908113650814,0.07619951541635911,240,0.8483501266986515,0.03672693517041488,240,0.009640568837090049,0.004646598403560372
Balanced_random,250,0.0,0.8884721976721243,0.08309395612839256,240,0.8683414285589476,0.02175596645312178,240,0.010512835936354634,0.002752509527950538
Balanced_random,250,0.0025,0.8866230902494385,0.07974014219634121,240,0.8697345354640524,0.02039372002221311,240,0.010088519929854265,0.0025801615750994386
Balanced_random,250,0.005,0.8912935328450062,0.06751156010480293,240,0.868814494533521,0.020985573213007227,240,0.008541390833437837,0.002655041335110053
Balanced_random,250,0.01,0.8804156005435093,0.07369899394603606,240,0.8691289867343241,0.020247082828123743,240,0.009324209222051136,0.0025616094103517767
RL_adaptive,10,0.0,0.6656428701846607,0.22870728785698252,240,0.6105416000447648,0.20875609563840414,240,0.02893546422286106,0.026411290139676184
RL_adaptive,10,0.0025,0.6794101818329454,0.21174441340919054,240,0.6284070572593244,0.19736876808980788,240,0.026789364501684277,0.024970594427861127
RL_adaptive,10,0.005,0.6885917675768329,0.21421386577010673,240,0.6413732220440109,0.20281643228993512,240,0.027101793332041588,0.025659819043473347
RL_adaptive,10,0.01,0.679547502733086,0.19969504687258235,240,0.6352966887083732,0.17409240626649164,240,0.02526490930134895,0.022025728345595727
RL_adaptive,25,0.0,0.6932905741689649,0.1955866932830411,240,0.6516005542401552,0.17910240206141062,240,0.024745130856949876,0.022659580268019883
RL_adaptive,25,0.0025,0.6749577979401857,0.22283652475292282,240,0.6506701046825043,0.19174798716971014,240,0.028192710210297022,0.024259467525251308
RL_adaptive,25,0.005,0.679375348804321,0.22386369424898692,240,0.6471522954495404,0.1992702469484491,240,0.028322665081795317,0.02521116469564877
RL_adaptive,25,0.01,0.6763234168465392,0.20791236446312075,240,0.6349504668105068,0.1898146703390318,240,0.026304543417851597,0.024014869198238087
RL_adaptive,50,0.0,0.7204525269659451,0.18864217739409908,240,0.6899585768316178,0.18290147931478745,240,0.023866528373695264,0.023140229857173823
RL_adaptive,50,0.0025,0.7010206591440703,0.2007130034060537,240,0.6645633039453024,0.1892423006623951,240,0.025393698572258,0.023942454442872147
RL_adaptive,50,0.005,0.6955726524332915,0.21490755970203004,240,0.6655995002105967,0.1971881939376711,240,0.02718955772353459,0.024947748645517735
RL_adaptive,50,0.01,0.658611246323605,0.21307127793649258,240,0.6468255193985969,0.18784385445395488,240,0.026957236026103473,0.023765526586260854
RL_adaptive,100,0.0,0.7111880680891148,0.2032169195747769,240,0.6879129739019777,0.17336639758693928,240,0.025710487675902307,0.02193387557444219
RL_adaptive,100,0.0025,0.6985633470111314,0.20389272597560465,240,0.6889660846567033,0.18358692879205898,240,0.025795988982467405,0.02322695118123837
RL_adaptive,100,0.005,0.69546049401326,0.19995944176213182,240,0.6866208817752623,0.17885822566838233,240,0.02529835987014783,0.022628687691964522
RL_adaptive,100,0.01,0.6272679679312708,0.23056209809374145,240,0.647647991029849,0.19214017080566198,240,0.029170130095334243,0.024309085601147393
RL_adaptive,250,0.0,0.7443851313143894,0.20445185740224828,240,0.7166491400285444,0.1732788644004593,240,0.02586672886812265,0.02192280109837526
RL_adaptive,250,0.0025,0.7332692651780448,0.21502312041397195,240,0.7308454546578848,0.1626948937179481,240,0.02720417817082027,0.020583744053498224
RL_adaptive,250,0.005,0.6924090498024208,0.21970541544568106,240,0.6930612356333138,0.17477091901508665,240,0.02779657022636168,0.022111572052395327
RL_adaptive,250,0.01,0.6167566714139251,0.2653247647790336,240,0.6259841710124465,0.18276408301013367,240,0.033568214247302844,0.023122846826248506
XYZ_interleaved,10,0.0,0.7874640878645198,0.15372949462063634,240,0.6674532717414308,0.14698620642646973,240,0.019449464567895838,0.018596320900656146
XYZ_interleaved,10,0.0025,0.7675953968012826,0.1702282758148933,240,0.6575885374326345,0.13804774531634453,240,0.021536848391299695,0.01746544954066172
XYZ_interleaved,10,0.005,0.7932237746147835,0.15163618752241081,240,0.6707087053071231,0.13212809102778078,240,0.01918462467925161,0.01671650993981457
XYZ_interleaved,10,0.01,0.8030570830807545,0.13182151312144585,240,0.6793051477319109,0.13428818443002696,240,0.016677722483046595,0.016989799461737533
XYZ_interleaved,25,0.0,0.8731123061948178,0.10052509796398705,240,0.7794290794659966,0.07927889616163637,240,0.01271817965615277,0.010030164254964342
XYZ_interleaved,25,0.0025,0.8833448002650651,0.07857863190801698,240,0.7745438498689589,0.08021322715877974,240,0.009941568603085408,0.010148373435762541
XYZ_interleaved,25,0.005,0.8813166128766526,0.0911015780620334,240,0.7817337065767428,0.07828525828096607,240,0.011525939891817364,0.009904451718140443
XYZ_interleaved,25,0.01,0.8717795088085044,0.08663200987551455,240,0.785019553653447,0.07771075420810641,240,0.010960461495547247,0.009831766924394325
XYZ_interleaved,50,0.0,0.8954855536478932,0.07561133334449108,240,0.8302942463417281,0.04843656208535943,240,0.009566153537706549,0.006128070611268529
XYZ_interleaved,50,0.0025,0.8943734090403602,0.0742106646694705,240,0.8251097318277452,0.052126095805294606,240,0.009388944500277519,0.006594861031252798
XYZ_interleaved,50,0.005,0.8822787759915651,0.08599063229221116,240,0.8332317773100424,0.05201005606735521,240,0.010879316035387597,0.006580179978816571
XYZ_interleaved,50,0.01,0.8785218854611584,0.0895230415845293,240,0.8207502837893096,0.053005744321346866,240,0.011326227472518055,0.006706151923656888
XYZ_interleaved,100,0.0,0.8910836981699408,0.0751011912710943,240,0.8537426857512982,0.03535259404960392,240,0.00950161166039401,0.004472720261312015
XYZ_interleaved,100,0.0025,0.8844416613388081,0.08612144266659942,240,0.8586809247301532,0.03298679110060141,240,0.010895865831170483,0.0041734048908634415
XYZ_interleaved,100,0.005,0.8846940677036118,0.0909853719537645,240,0.853904828009575,0.03108363381821216,240,0.011511237790630296,0.003932622273173148
XYZ_interleaved,100,0.01,0.8832496577417907,0.07771026385251945,240,0.8546538935545765,0.03379166752383237,240,0.00983170488585294,0.004275235808305773
XYZ_interleaved,250,0.0,0.8899256914543829,0.07768216734779347,240,0.8743523208559603,0.018473046588215657,240,0.009828150187553187,0.002337162858469184
XYZ_interleaved,250,0.0025,0.886799759465225,0.07650901396140662,240,0.875721249502039,0.0180669494693269,240,0.009679725805637767,0.002285784484108151
XYZ_interleaved,250,0.005,0.8818109145898277,0.08706869001871545,240,0.8743256347630901,0.017710088224284073,240,0.011015709156340307,0.0022406353072488656
XYZ_interleaved,250,0.01,0.8742775649209292,0.08257104941892579,240,0.8708355806497475,0.019740487870340287,240,0.010446679109760059,0.00249751630508269
ZX_interleaved,10,0.0,0.7216589103245946,0.19209778762445814,240,0.6415590150159703,0.15785781575985353,240,0.02430372338888531,0.019971769255881983
ZX_interleaved,10,0.0025,0.7493502916059888,0.17142707124924836,240,0.6679164058863325,0.14709235537107715,240,0.02168851693989007,0.018609750595082426
ZX_interleaved,10,0.005,0.7307701139931767,0.19422497462704197,240,0.6561805973090844,0.16078282021021986,240,0.024572849676837656,0.02034183337766113
ZX_interleaved,10,0.01,0.7453511509309687,0.17428515710710724,240,0.6578058393480021,0.14501644645160372,240,0.02205011469158767,0.018347111879752534
ZX_interleaved,25,0.0,0.7377981077405097,0.1942449734050329,240,0.6895803145703255,0.17013948405369905,240,0.024575379871351704,0.021525614683561758
ZX_interleaved,25,0.0025,0.7785926461148318,0.17187736472334672,240,0.7267768953617961,0.15091716377464387,240,0.02174548692467564,0.01909365562389773
ZX_interleaved,25,0.005,0.7657548893148685,0.1840500059973684,240,0.7223110436041338,0.1565342400722666,240,0.023285538531174644,0.01980431382709666
ZX_interleaved,25,0.01,0.7569627667762516,0.19009881444341944,240,0.7121122234853164,0.1631804216469478,240,0.024050818387455822,0.02064517181188061
ZX_interleaved,50,0.0,0.7449186297712745,0.19683954030747722,240,0.7227313943998023,0.1804026591594641,240,0.02490363787520877,0.022824085488180487
ZX_interleaved,50,0.0025,0.7555652177048545,0.2055379059889038,240,0.7261804085482434,0.18186523922179396,240,0.026004132972372758,0.02300912739682784
ZX_interleaved,50,0.005,0.7840070920258988,0.17763224474646683,240,0.755163956453998,0.15818201606358706,240,0.022473579704648524,0.020012786253537033
ZX_interleaved,50,0.01,0.7627415329657994,0.17531943490422047,240,0.7419200897478538,0.16192352079066802,240,0.02218096888725101,0.0204861519131299
ZX_interleaved,100,0.0,0.759968355905806,0.1937243499601608,240,0.7509723960905067,0.17557621232708473,240,0.024509511917584964,0.0222134557135439
ZX_interleaved,100,0.0025,0.747037640057549,0.21016558784868233,240,0.7402796425652927,0.19067048905774694,240,0.026589615508338726,0.024123145205306663
ZX_interleaved,100,0.005,0.7606374925081126,0.19190603572498033,240,0.7554187274488572,0.1644294813025272,240,0.02427946342638479,0.02080319966186691
ZX_interleaved,100,0.01,0.7098518739255646,0.19579472365494874,240,0.7364273106594357,0.16853227034183865,240,0.024771450330369392,0.021322274093527264
ZX_interleaved,250,0.0,0.7479330103945494,0.19704682592125983,240,0.7455128050517575,0.1867419614591544,240,0.024929863123724992,0.0236261178878008
ZX_interleaved,250,0.0025,0.7291545840764885,0.21729972635299394,240,0.7488496843368233,0.1890132705843547,240,0.02749220856248543,0.02391347814005646
ZX_interleaved,250,0.005,0.7001104971841791,0.21526425140504168,240,0.7491874325922053,0.17640781587035648,240,0.027234685450367408,0.022318668078219358
ZX_interleaved,250,0.01,0.6080555121604686,0.21327331767211327,240,0.6807595811670464,0.16419171556187198,240,0.026982797579460288,0.02077311814524094
Z_only,10,0.0,0.6594374070054336,0.20108770756550592,240,0.6230197366634244,0.17469750646064425,240,0.025441105189255565,0.022102284082770568
Z_only,10,0.0025,0.6625208097187262,0.2085755800501966,240,0.6107161408807543,0.17807744482924287,240,0.026388451766692137,0.022529905286521705
Z_only,10,0.005,0.6658764874180803,0.2026053885542961,240,0.6188759836802259,0.17363145587185522,240,0.025633118326940606,0.021967410074335145
Z_only,10,0.01,0.6708210748013992,0.2094618738797398,240,0.6160000579240098,0.17783974590504115,240,0.026500583407253264,0.022499832223343445
Z_only,25,0.0,0.704299105835538,0.19443669700133492,240,0.6783821689118531,0.17704664355550714,240,0.024599636253006426,0.022399490931751725
Z_only,25,0.0025,0.6682215323220018,0.20650647223833293,240,0.6437897977331402,0.18603195993192206,240,0.02612667351019485,0.023536290300836215
Z_only,25,0.005,0.6660128011701217,0.21000592669436366,240,0.6428786010863757,0.19805007699129532,240,0.026569415585276118,0.025056791896811193
Z_only,25,0.01,0.6782142100781228,0.20424438416916982,240,0.6610410724253628,0.19220441237072433,240,0.025840479882490427,0.024317213280527005
Z_only,50,0.0,0.6758488775161502,0.20965987227193222,240,0.6635683014981364,0.19737660926480421,240,0.026525633660120812,0.024971586473373525
Z_only,50,0.0025,0.6790363237358007,0.19708999253535234,240,0.6702043515353232,0.18645131778592358,240,0.024935324453923078,0.023589346389668087
Z_only,50,0.005,0.6608672979144206,0.21189149087472864,240,0.6544161227130114,0.20215997186465726,240,0.02680797236845557,0.0255767653405182
Z_only,50,0.01,0.6658783906141169,0.2205939446445695,240,0.6683031370490959,0.19889764658515927,240,0.027908984680165533,0.025164024245589563
Z_only,100,0.0,0.6822385258152793,0.2221178580172177,240,0.6743066612083699,0.21782359272995733,240,0.02810178632320096,0.027558486803770262
Z_only,100,0.0025,0.6861831228711435,0.18874993869222778,240,0.6825588261372226,0.17812978899460558,240,0.023880162058987194,0.022536527737158585
Z_only,100,0.005,0.6620685650211633,0.19701247071938427,240,0.6681927414253798,0.18862188492976903,240,0.024925516590984152,0.02386396102273274
Z_only,100,0.01,0.5942436203066134,0.213498914429664,240,0.6461440248668883,0.18677688755138058,240,0.027011339507302067,0.023630536648136444
Z_only,250,0.0,0.6684662446947011,0.2136423919444968,240,0.6648464655762482,0.2119987441429839,240,0.02702949191746849,0.026821541779100348
Z_only,250,0.0025,0.6464800789053539,0.22507307990653658,240,0.672200809653294,0.20367008864409453,240,0.028475673478482493,0.025767821473679436
Z_only,250,0.005,0.54572092542493,0.23206807749107905,240,0.6233726916251686,0.20731066506946813,240,0.029360662777437832,0.0262284179413043
Z_only,250,0.01,0.4804283738936817,0.19555496379368414,240,0.5797234589640309,0.16832272207124616,240,0.024741116522677013,0.02129576257942771
