N,degraded_noise,degraded_basis,shots_ZZ,shots_ZX,shots_ZY,shots_XZ,shots_XX,shots_XY,shots_YZ,shots_YX,shots_YY
10,0.05,X,1.891089108910891,1.504950495049505,0.07920792079207921,0.21782178217821782,2.227722772277228,1.7128712871287128,0.15841584158415842,0.36633663366336633,1.8415841584158417
10,0.05,Y,1.8279569892473118,1.6129032258064515,0.0967741935483871,0.26881720430107525,2.053763440860215,1.8387096774193548,0.06451612903225806,0.3548387096774194,1.881720430107527
10,0.05,Z,1.5566037735849056,1.6981132075471699,0.1509433962264151,0.2358490566037736,2.641509433962264,1.169811320754717,0.19811320754716982,0.2169811320754717,2.1320754716981134
10,0.1,X,1.550561797752809,1.6853932584269662,0.0449438202247191,0.3146067415730337,2.348314606741573,1.7752808988764044,0.15730337078651685,0.3707865168539326,1.752808988764045
10,0.1,Y,1.7570093457943925,1.6728971962616823,0.037383177570093455,0.21495327102803738,2.0373831775700935,1.691588785046729,0.102803738317757,0.3644859813084112,2.121495327102804
10,0.1,Z,1.9038461538461537,1.6923076923076923,0.09615384615384616,0.25961538461538464,2.4326923076923075,1.2307692307692308,0.20192307692307693,0.18269230769230768,2.0
10,0.15,X,1.6262626262626263,1.5757575757575757,0.0707070707070707,0.16161616161616163,2.3737373737373737,1.8484848484848484,0.09090909090909091,0.5252525252525253,1.7272727272727273
10,0.15,Y,1.8035714285714286,1.2857142857142858,0.026785714285714284,0.09821428571428571,2.1160714285714284,1.7321428571428572,0.13392857142857142,0.42857142857142855,2.375
10,0.15,Z,2.0112359550561796,1.8651685393258426,0.1348314606741573,0.30337078651685395,2.168539325842697,1.3932584269662922,0.20224719101123595,0.19101123595505617,1.7303370786516854
10,0.2,X,1.528301886792453,1.3584905660377358,0.07547169811320754,0.20754716981132076,2.8962264150943398,1.7641509433962264,0.11320754716981132,0.4528301886792453,1.6037735849056605
10,0.2,Y,1.5274725274725274,1.4725274725274726,0.01098901098901099,0.17582417582417584,2.021978021978022,1.7252747252747254,0.0989010989010989,0.34065934065934067,2.6263736263736264
10,0.2,Z,2.087378640776699,2.1067961165048543,0.02912621359223301,0.36893203883495146,2.1553398058252426,1.4271844660194175,0.13592233009708737,0.05825242718446602,1.6310679611650485
10,0.25,X,1.3693693693693694,1.3603603603603605,0.018018018018018018,0.23423423423423423,3.099099099099099,1.7567567567567568,0.07207207207207207,0.4864864864864865,1.6036036036036037
10,0.25,Y,1.5161290322580645,1.2258064516129032,0.010752688172043012,0.12903225806451613,1.903225806451613,1.7526881720430108,0.021505376344086023,0.3870967741935484,3.053763440860215
10,0.25,Z,2.2291666666666665,2.1458333333333335,0.14583333333333334,0.3541666666666667,2.1666666666666665,0.96875,0.34375,0.052083333333333336,1.59375
25,0.05,X,4.148514851485149,4.445544554455446,0.8217821782178217,3.4356435643564356,1.2376237623762376,4.712871287128713,1.0,1.0198019801980198,4.178217821782178
25,0.05,Y,3.913978494623656,4.279569892473118,0.9139784946236559,2.7419354838709675,1.3225806451612903,5.139784946236559,1.118279569892473,1.086021505376344,4.483870967741935
25,0.05,Z,3.518867924528302,4.7075471698113205,0.8207547169811321,3.4150943396226414,1.179245283018868,4.820754716981132,1.5188679245283019,0.9905660377358491,4.028301886792453
25,0.1,X,3.191011235955056,5.168539325842697,0.7191011235955056,3.393258426966292,1.146067415730337,4.966292134831461,1.0224719101123596,1.1348314606741574,4.258426966292135
25,0.1,Y,3.7476635514018692,4.065420560747664,1.0654205607476634,2.94392523364486,1.2897196261682242,4.94392523364486,1.1869158878504673,1.1308411214953271,4.626168224299065
25,0.1,Z,4.0576923076923075,4.490384615384615,0.875,3.5384615384615383,1.1634615384615385,4.471153846153846,1.3942307692307692,0.7596153846153846,4.25
25,0.15,X,3.01010101010101,5.2727272727272725,0.8888888888888888,3.898989898989899,1.2828282828282829,4.353535353535354,0.6868686868686869,1.101010101010101,4.505050505050505
25,0.15,Y,3.3660714285714284,4.0625,1.1696428571428572,3.1875,1.125,4.946428571428571,1.3214285714285714,1.2678571428571428,4.553571428571429
25,0.15,Z,3.9213483146067416,4.685393258426966,0.9550561797752809,3.101123595505618,1.0674157303370786,4.707865168539326,1.4269662921348314,0.9101123595505618,4.224719101123595
25,0.2,X,3.1037735849056602,5.235849056603773,0.5849056603773585,3.5849056603773586,1.2641509433962264,5.19811320754717,0.6792452830188679,1.3867924528301887,3.9622641509433962
25,0.2,Y,2.912087912087912,4.032967032967033,1.5384615384615385,3.3516483516483517,1.1428571428571428,4.450549450549451,1.2307692307692308,1.2527472527472527,5.087912087912088
25,0.2,Z,4.019417475728155,5.067961165048544,0.7864077669902912,3.0097087378640777,1.058252427184466,4.475728155339806,1.6213592233009708,0.7281553398058253,4.233009708737864
25,0.25,X,2.3063063063063063,5.990990990990991,0.43243243243243246,4.099099099099099,1.2972972972972974,5.018018018018018,0.5495495495495496,1.5495495495495495,3.7567567567567566
25,0.25,Y,2.6989247311827955,3.5698924731182795,1.6666666666666667,3.043010752688172,1.118279569892473,4.78494623655914,1.4301075268817205,1.1397849462365592,5.548387096774194
25,0.25,Z,5.135416666666667,4.8125,0.7395833333333334,2.65625,1.0208333333333333,4.552083333333333,1.71875,0.5,3.8645833333333335
50,0.05,X,1.1782178217821782,17.06930693069307,2.099009900990099,1.4455445544554455,7.752475247524752,3.712871287128713,14.356435643564357,0.5346534653465347,1.8514851485148516
50,0.05,Y,1.075268817204301,17.032258064516128,1.7096774193548387,1.5268817204301075,7.978494623655914,3.967741935483871,13.817204301075268,0.5483870967741935,2.3440860215053765
50,0.05,Z,1.1037735849056605,17.132075471698112,2.0283018867924527,1.8773584905660377,7.518867924528302,3.641509433962264,13.971698113207546,0.6509433962264151,2.0754716981132075
50,0.1,X,1.101123595505618,17.707865168539325,1.6741573033707866,1.8314606741573034,7.617977528089888,3.943820224719101,13.438202247191011,0.550561797752809,2.134831460674157
50,0.1,Y,1.0841121495327102,16.233644859813083,2.0,1.3925233644859814,8.345794392523365,4.214953271028038,13.88785046728972,0.5981308411214953,2.2429906542056073
50,0.1,Z,1.0769230769230769,16.96153846153846,2.605769230769231,1.8653846153846154,8.067307692307692,2.701923076923077,14.375,0.4807692307692308,1.8653846153846154
50,0.15,X,1.0707070707070707,16.88888888888889,1.696969696969697,1.8383838383838385,8.909090909090908,3.6666666666666665,13.505050505050505,0.5555555555555556,1.8686868686868687
50,0.15,Y,1.1964285714285714,16.116071428571427,2.3214285714285716,1.1964285714285714,7.464285714285714,4.544642857142857,13.696428571428571,0.9732142857142857,2.4910714285714284
50,0.15,Z,1.0337078651685394,17.98876404494382,2.4157303370786516,2.269662921348315,6.775280898876405,2.853932584269663,14.303370786516854,0.3707865168539326,1.9887640449438202
50,0.2,X,1.009433962264151,16.79245283018868,1.650943396226415,2.0754716981132075,8.641509433962264,4.650943396226415,13.141509433962264,0.4339622641509434,1.6037735849056605
50,0.2,Y,1.1538461538461537,15.604395604395604,2.230769230769231,1.2967032967032968,7.8901098901098905,4.516483516483516,13.428571428571429,1.3076923076923077,2.5714285714285716
50,0.2,Z,1.087378640776699,18.21359223300971,2.3009708737864076,2.2427184466019416,6.660194174757281,2.941747572815534,14.504854368932039,0.3106796116504854,1.7378640776699028
50,0.25,X,1.045045045045045,17.117117117117118,1.3153153153153154,2.3423423423423424,9.288288288288289,4.594594594594595,12.26126126126126,0.5405405405405406,1.4954954954954955
50,0.25,Y,1.096774193548387,14.268817204301076,2.4408602150537635,0.8064516129032258,8.419354838709678,4.763440860215054,13.333333333333334,1.2580645161290323,3.6129032258064515
50,0.25,Z,1.0520833333333333,18.270833333333332,2.6354166666666665,2.9375,6.3125,2.46875,14.489583333333334,0.09375,1.7395833333333333
100,0.05,X,5.207920792079208,2.297029702970297,6.643564356435643,2.613861386138614,20.653465346534652,4.584158415841584,16.445544554455445,3.1782178217821784,38.37623762376238
100,0.05,Y,4.838709677419355,2.838709677419355,5.78494623655914,1.5268817204301075,21.440860215053764,5.032258064516129,18.268817204301076,2.4408602150537635,37.82795698924731
100,0.05,Z,5.622641509433962,2.5754716981132075,5.660377358490566,1.471698113207547,21.556603773584907,4.877358490566038,15.773584905660377,2.8679245283018866,39.594339622641506
100,0.1,X,5.044943820224719,2.662921348314607,5.853932584269663,2.202247191011236,21.98876404494382,4.617977528089888,16.06741573033708,2.292134831460674,39.26966292134831
100,0.1,Y,4.579439252336448,2.7289719626168223,5.94392523364486,1.3457943925233644,20.990654205607477,5.289719626168225,17.897196261682243,2.8411214953271027,38.38317757009346
100,0.1,Z,6.394230769230769,2.451923076923077,6.461538461538462,1.8269230769230769,20.5,4.778846153846154,15.057692307692308,3.3173076923076925,39.21153846153846
100,0.15,X,4.737373737373737,3.313131313131313,5.03030303030303,2.1313131313131315,21.707070707070706,5.9393939393939394,14.585858585858587,3.3636363636363638,39.19191919191919
100,0.15,Y,4.5,2.080357142857143,6.642857142857143,1.4017857142857142,19.732142857142858,5.75,17.357142857142858,2.955357142857143,39.580357142857146
100,0.15,Z,4.966292134831461,2.303370786516854,7.292134831460674,1.4382022471910112,22.84269662921348,2.9887640449438204,19.0561797752809,1.4606741573033708,37.651685393258425
100,0.2,X,5.320754716981132,2.8773584905660377,5.283018867924528,2.481132075471698,21.68867924528302,4.915094339622642,13.81132075471698,3.5660377358490565,40.056603773584904
100,0.2,Y,2.989010989010989,2.5274725274725274,6.725274725274725,1.021978021978022,19.582417582417584,6.406593406593407,17.714285714285715,2.7252747252747254,40.30769230769231
100,0.2,Z,6.12621359223301,3.087378640776699,6.543689320388349,1.058252427184466,22.203883495145632,3.737864077669903,18.04854368932039,1.7864077669902914,37.407766990291265
100,0.25,X,4.495495495495495,3.0720720720720722,5.117117117117117,3.369369369369369,23.45945945945946,4.72972972972973,13.315315315315315,3.09009009009009,39.351351351351354
100,0.25,Y,2.118279569892473,2.2795698924731185,5.956989247311828,0.3870967741935484,17.612903225806452,8.43010752688172,17.118279569892472,3.118279569892473,42.97849462365591
100,0.25,Z,7.145833333333333,3.3854166666666665,6.9375,0.9270833333333334,21.104166666666668,3.4583333333333335,19.25,1.40625,36.385416666666664
250,0.05,X,10.623762376237623,11.237623762376238,31.465346534653467,21.92079207920792,8.514851485148515,123.77227722772277,9.217821782178218,28.376237623762375,4.871287128712871
250,0.05,Y,10.89247311827957,12.494623655913978,29.301075268817204,20.612903225806452,8.13978494623656,126.46236559139786,9.494623655913978,28.602150537634408,4.0
250,0.05,Z,9.028301886792454,10.424528301886792,29.669811320754718,23.50943396226415,7.018867924528302,127.13207547169812,7.028301886792453,32.12264150943396,4.066037735849057
250,0.1,X,11.55056179775281,12.03370786516854,29.202247191011235,22.46067415730337,6.719101123595506,124.04494382022472,7.910112359550562,31.617977528089888,4.46067415730337
250,0.1,Y,11.63551401869159,12.065420560747663,30.261682242990656,23.30841121495327,7.766355140186916,123.44859813084112,7.579439252336448,29.439252336448597,4.4953271028037385
250,0.1,Z,7.663461538461538,10.663461538461538,30.432692307692307,23.423076923076923,8.086538461538462,127.08653846153847,7.5576923076923075,30.96153846153846,4.125
250,0.15,X,10.818181818181818,13.787878787878787,29.12121212121212,19.838383838383837,9.11111111111111,123.95959595959596,10.767676767676768,28.555555555555557,4.040404040404041
250,0.15,Y,10.607142857142858,11.214285714285714,31.705357142857142,26.178571428571427,7.142857142857143,120.75892857142857,6.955357142857143,31.169642857142858,4.267857142857143
250,0.15,Z,7.359550561797753,11.0,31.96629213483146,23.089887640449437,7.146067415730337,126.56179775280899,8.224719101123595,30.51685393258427,4.134831460674158
250,0.2,X,11.933962264150944,13.264150943396226,32.028301886792455,25.10377358490566,9.89622641509434,115.01886792452831,8.81132075471698,29.056603773584907,4.886792452830188
250,0.2,Y,8.791208791208792,12.824175824175825,28.12087912087912,20.36263736263736,6.186813186813187,130.73626373626374,8.736263736263735,30.76923076923077,3.4725274725274726
250,0.2,Z,8.485436893203884,12.087378640776699,29.611650485436893,23.75728155339806,5.893203883495145,127.30097087378641,7.592233009708738,31.37864077669903,3.8932038834951457
250,0.25,X,9.756756756756756,14.441441441441441,31.38738738738739,25.8018018018018,10.558558558558559,116.33333333333333,7.405405405405405,30.28828828828829,4.027027027027027
250,0.25,Y,7.838709677419355,11.483870967741936,25.053763440860216,18.333333333333332,4.774193548387097,135.5483870967742,9.612903225806452,33.41935483870968,3.935483870967742
250,0.25,Z,10.447916666666666,12.947916666666666,32.333333333333336,25.104166666666668,6.229166666666667,122.58333333333333,8.385416666666666,28.71875,3.25
