target_id,seed,N,method,fidelity,infidelity
0,0,10,RL_adaptive_drift,0.6273825729052717,0.37261742709472834
0,0,25,RL_adaptive_drift,0.6232038362482939,0.3767961637517061
0,0,50,RL_adaptive_drift,0.6375075151784201,0.3624924848215799
0,0,100,RL_adaptive_drift,0.6154182545774719,0.3845817454225281
0,0,250,RL_adaptive_drift,0.6234526947821398,0.3765473052178602
0,0,500,RL_adaptive_drift,0.6924411261815395,0.3075588738184605
0,1,10,RL_adaptive_drift,0.6292965721380062,0.37070342786199384
0,1,25,RL_adaptive_drift,0.6182915560706684,0.38170844392933156
0,1,50,RL_adaptive_drift,0.6248860007458132,0.37511399925418676
0,1,100,RL_adaptive_drift,0.641735582974619,0.35826441702538103
0,1,250,RL_adaptive_drift,0.616008114372301,0.38399188562769904
0,1,500,RL_adaptive_drift,0.5722551326580468,0.42774486734195316
0,2,10,RL_adaptive_drift,0.6287852193140486,0.3712147806859514
0,2,25,RL_adaptive_drift,0.6412666118888398,0.3587333881111602
0,2,50,RL_adaptive_drift,0.6217779564678623,0.37822204353213773
0,2,100,RL_adaptive_drift,0.6373538037232616,0.36264619627673844
0,2,250,RL_adaptive_drift,0.6167506817508047,0.3832493182491953
0,2,500,RL_adaptive_drift,0.6113342222983144,0.38866577770168564
0,3,10,RL_adaptive_drift,0.20271082851462754,0.7972891714853725
0,3,25,RL_adaptive_drift,0.6410765958332768,0.3589234041667232
0,3,50,RL_adaptive_drift,0.6395796180653102,0.36042038193468984
0,3,100,RL_adaptive_drift,0.6461303709443291,0.3538696290556709
0,3,250,RL_adaptive_drift,0.6285166612365368,0.3714833387634632
0,3,500,RL_adaptive_drift,0.656127932311223,0.343872067688777
0,4,10,RL_adaptive_drift,0.6286636141091214,0.3713363858908786
0,4,25,RL_adaptive_drift,0.6334155918273178,0.36658440817268223
0,4,50,RL_adaptive_drift,0.6056613468645656,0.39433865313543437
0,4,100,RL_adaptive_drift,0.634338373996252,0.36566162600374796
0,4,250,RL_adaptive_drift,0.5948485282476484,0.40515147175235156
0,4,500,RL_adaptive_drift,0.6085527168737285,0.39144728312627153
1,0,10,RL_adaptive_drift,0.24593713385319482,0.7540628661468052
1,0,25,RL_adaptive_drift,0.24515158009081267,0.7548484199091874
1,0,50,RL_adaptive_drift,0.25084632799341494,0.749153672006585
1,0,100,RL_adaptive_drift,0.22968946400304802,0.770310535996952
1,0,250,RL_adaptive_drift,0.23857426637304469,0.7614257336269553
1,0,500,RL_adaptive_drift,0.23269125504219276,0.7673087449578072
1,1,10,RL_adaptive_drift,0.012664050245899748,0.9873359497541002
1,1,25,RL_adaptive_drift,0.2369460795254573,0.7630539204745427
1,1,50,RL_adaptive_drift,0.24477984734618566,0.7552201526538144
1,1,100,RL_adaptive_drift,0.25542528011731486,0.7445747198826851
1,1,250,RL_adaptive_drift,0.23930800398876795,0.760691996011232
1,1,500,RL_adaptive_drift,0.24994310028005404,0.7500568997199459
1,2,10,RL_adaptive_drift,0.1832315796487072,0.8167684203512928
1,2,25,RL_adaptive_drift,0.24064720816867055,0.7593527918313294
1,2,50,RL_adaptive_drift,0.01266884167586347,0.9873311583241365
1,2,100,RL_adaptive_drift,0.25028304168618426,0.7497169583138157
1,2,250,RL_adaptive_drift,0.24842308358099152,0.7515769164190085
1,2,500,RL_adaptive_drift,0.2337981888839874,0.7662018111160126
1,3,10,RL_adaptive_drift,0.18033498713668566,0.8196650128633143
1,3,25,RL_adaptive_drift,0.18203106130045757,0.8179689386995425
1,3,50,RL_adaptive_drift,0.24473592157189283,0.7552640784281072
1,3,100,RL_adaptive_drift,0.25263757811490895,0.747362421885091
1,3,250,RL_adaptive_drift,0.23007019855179545,0.7699298014482046
1,3,500,RL_adaptive_drift,0.25213255687495373,0.7478674431250463
1,4,10,RL_adaptive_drift,0.2417407521662527,0.7582592478337473
1,4,25,RL_adaptive_drift,0.23922289208337735,0.7607771079166227
1,4,50,RL_adaptive_drift,0.24491497918022295,0.755085020819777
1,4,100,RL_adaptive_drift,0.23698237548766662,0.7630176245123333
1,4,250,RL_adaptive_drift,0.27764482185048,0.72235517814952
1,4,500,RL_adaptive_drift,0.24243284315980254,0.7575671568401975
2,0,10,RL_adaptive_drift,0.15580185962179147,0.8441981403782085
2,0,25,RL_adaptive_drift,0.15524448376074634,0.8447555162392537
2,0,50,RL_adaptive_drift,0.14532977162833008,0.85467022837167
2,0,100,RL_adaptive_drift,0.14918869079084904,0.8508113092091509
2,0,250,RL_adaptive_drift,0.16305948248878455,0.8369405175112155
2,0,500,RL_adaptive_drift,0.1662031473067086,0.8337968526932914
2,1,10,RL_adaptive_drift,0.1531022476147472,0.8468977523852528
2,1,25,RL_adaptive_drift,0.1549200008167781,0.8450799991832219
2,1,50,RL_adaptive_drift,0.1462602942946091,0.8537397057053909
2,1,100,RL_adaptive_drift,0.16651331145629464,0.8334866885437053
2,1,250,RL_adaptive_drift,0.14667224338593585,0.8533277566140641
2,1,500,RL_adaptive_drift,0.1756286584343093,0.8243713415656907
2,2,10,RL_adaptive_drift,0.15427914545243698,0.845720854547563
2,2,25,RL_adaptive_drift,0.15516865980270347,0.8448313401972966
2,2,50,RL_adaptive_drift,0.15250615687238833,0.8474938431276117
2,2,100,RL_adaptive_drift,0.1403731814765474,0.8596268185234526
2,2,250,RL_adaptive_drift,0.15882698451701194,0.8411730154829881
2,2,500,RL_adaptive_drift,0.1586754666662987,0.8413245333337013
2,3,10,RL_adaptive_drift,0.15513306109172822,0.8448669389082718
2,3,25,RL_adaptive_drift,0.15235401692575865,0.8476459830742413
2,3,50,RL_adaptive_drift,0.15339272508248125,0.8466072749175187
2,3,100,RL_adaptive_drift,0.16634577070387194,0.8336542292961281
2,3,250,RL_adaptive_drift,0.1437545394940978,0.8562454605059022
2,3,500,RL_adaptive_drift,0.16606017092939243,0.8339398290706076
2,4,10,RL_adaptive_drift,0.15232918533288134,0.8476708146671187
2,4,25,RL_adaptive_drift,0.15647791313685633,0.8435220868631437
2,4,50,RL_adaptive_drift,0.15523121220327923,0.8447687877967207
2,4,100,RL_adaptive_drift,0.1662296641404613,0.8337703358595387
2,4,250,RL_adaptive_drift,0.16738557939909407,0.832614420600906
2,4,500,RL_adaptive_drift,0.17987770704576064,0.8201222929542393
3,0,10,RL_adaptive_drift,0.5654085379241172,0.43459146207588284
3,0,25,RL_adaptive_drift,0.5528603869755615,0.4471396130244385
3,0,50,RL_adaptive_drift,0.5582817869722834,0.44171821302771663
3,0,100,RL_adaptive_drift,0.5757604669030575,0.4242395330969425
3,0,250,RL_adaptive_drift,0.5705296343837347,0.4294703656162653
3,0,500,RL_adaptive_drift,0.6254437307077715,0.3745562692922285
3,1,10,RL_adaptive_drift,0.5575216349859778,0.44247836501402216
3,1,25,RL_adaptive_drift,0.5642814846047071,0.43571851539529294
3,1,50,RL_adaptive_drift,0.5635305823291917,0.43646941767080827
3,1,100,RL_adaptive_drift,0.5470907029886583,0.45290929701134175
3,1,250,RL_adaptive_drift,0.5671688848202476,0.43283111517975237
3,1,500,RL_adaptive_drift,0.5577579324769356,0.4422420675230644
3,2,10,RL_adaptive_drift,0.5555341325448109,0.4444658674551891
3,2,25,RL_adaptive_drift,0.5629196261821399,0.43708037381786013
3,2,50,RL_adaptive_drift,0.5698296662610278,0.4301703337389722
3,2,100,RL_adaptive_drift,0.571559545788248,0.42844045421175203
3,2,250,RL_adaptive_drift,0.5784141093110694,0.4215858906889306
3,2,500,RL_adaptive_drift,0.5529031206988343,0.4470968793011657
3,3,10,RL_adaptive_drift,0.5660474106178605,0.43395258938213954
3,3,25,RL_adaptive_drift,0.5610946802994667,0.43890531970053326
3,3,50,RL_adaptive_drift,0.5762779078575898,0.4237220921424102
3,3,100,RL_adaptive_drift,0.5804783520039136,0.4195216479960864
3,3,250,RL_adaptive_drift,0.5854806495755365,0.41451935042446353
3,3,500,RL_adaptive_drift,0.5256868487464519,0.4743131512535481
3,4,10,RL_adaptive_drift,0.559414355326875,0.440585644673125
3,4,25,RL_adaptive_drift,0.5613544676395915,0.4386455323604085
3,4,50,RL_adaptive_drift,0.5637986065459504,0.4362013934540496
3,4,100,RL_adaptive_drift,0.5681019040576648,0.4318980959423352
3,4,250,RL_adaptive_drift,0.580300441922728,0.419699558077272
3,4,500,RL_adaptive_drift,0.5709037749059009,0.42909622509409906
4,0,10,RL_adaptive_drift,0.6512099856076887,0.3487900143923113
4,0,25,RL_adaptive_drift,0.6371872561967072,0.36281274380329276
4,0,50,RL_adaptive_drift,0.6576257644805356,0.34237423551946444
4,0,100,RL_adaptive_drift,0.6398490104505512,0.3601509895494488
4,0,250,RL_adaptive_drift,0.6335286659763313,0.3664713340236687
4,0,500,RL_adaptive_drift,0.6536846666886036,0.3463153333113964
4,1,10,RL_adaptive_drift,0.6537353571109057,0.3462646428890943
4,1,25,RL_adaptive_drift,0.6536454574673812,0.34635454253261877
4,1,50,RL_adaptive_drift,0.6441057455460534,0.3558942544539466
4,1,100,RL_adaptive_drift,0.665638676117097,0.33436132388290296
4,1,250,RL_adaptive_drift,0.6374042178645235,0.3625957821354765
4,1,500,RL_adaptive_drift,0.6782010062195787,0.3217989937804213
4,2,10,RL_adaptive_drift,0.6477193446477447,0.3522806553522553
4,2,25,RL_adaptive_drift,0.6511466118726686,0.34885338812733135
4,2,50,RL_adaptive_drift,0.6541893351534557,0.3458106648465443
4,2,100,RL_adaptive_drift,0.6598587227710165,0.34014127722898346
4,2,250,RL_adaptive_drift,0.6941430415546535,0.30585695844534655
4,2,500,RL_adaptive_drift,0.6260136688723104,0.37398633112768964
4,3,10,RL_adaptive_drift,0.6477660539824208,0.3522339460175792
4,3,25,RL_adaptive_drift,0.6470155647021599,0.35298443529784007
4,3,50,RL_adaptive_drift,0.6526846268664208,0.3473153731335792
4,3,100,RL_adaptive_drift,0.659667825148882,0.340332174851118
4,3,250,RL_adaptive_drift,0.6557282611240651,0.3442717388759349
4,3,500,RL_adaptive_drift,0.6964597856540398,0.30354021434596024
4,4,10,RL_adaptive_drift,0.6555278373003735,0.34447216269962655
4,4,25,RL_adaptive_drift,0.6580154224600572,0.3419845775399428
4,4,50,RL_adaptive_drift,0.6629475977326188,0.3370524022673812
4,4,100,RL_adaptive_drift,0.653006435046962,0.346993564953038
4,4,250,RL_adaptive_drift,0.6695463681466344,0.3304536318533656
4,4,500,RL_adaptive_drift,0.6841369865576488,0.31586301344235124
5,0,10,RL_adaptive_drift,0.10492849978473145,0.8950715002152685
5,0,25,RL_adaptive_drift,0.10959546588917797,0.890404534110822
5,0,50,RL_adaptive_drift,0.10771699004651697,0.8922830099534831
5,0,100,RL_adaptive_drift,0.08431183062536142,0.9156881693746386
5,0,250,RL_adaptive_drift,0.12422498067172291,0.8757750193282771
5,0,500,RL_adaptive_drift,0.09098526809704759,0.9090147319029525
5,1,10,RL_adaptive_drift,0.10694350005553224,0.8930564999444678
5,1,25,RL_adaptive_drift,0.11232118419563356,0.8876788158043665
5,1,50,RL_adaptive_drift,0.10860834419322767,0.8913916558067724
5,1,100,RL_adaptive_drift,0.09804061274856771,0.9019593872514323
5,1,250,RL_adaptive_drift,0.10428585442445251,0.8957141455755475
5,1,500,RL_adaptive_drift,0.08199599468258717,0.9180040053174128
5,2,10,RL_adaptive_drift,0.10606679454490796,0.893933205455092
5,2,25,RL_adaptive_drift,0.10488058662280676,0.8951194133771933
5,2,50,RL_adaptive_drift,0.10969168277860063,0.8903083172213994
5,2,100,RL_adaptive_drift,0.10607809362704304,0.893921906372957
5,2,250,RL_adaptive_drift,0.10308318765845187,0.8969168123415481
5,2,500,RL_adaptive_drift,0.0941281785885729,0.9058718214114271
5,3,10,RL_adaptive_drift,0.1040596802504936,0.8959403197495064
5,3,25,RL_adaptive_drift,0.10889751970402807,0.8911024802959719
5,3,50,RL_adaptive_drift,0.10179268023511691,0.8982073197648831
5,3,100,RL_adaptive_drift,0.11006975887008229,0.8899302411299177
5,3,250,RL_adaptive_drift,0.14126001788285114,0.8587399821171489
5,3,500,RL_adaptive_drift,0.10991660456629386,0.8900833954337062
5,4,10,RL_adaptive_drift,0.1050829214165923,0.8949170785834077
5,4,25,RL_adaptive_drift,0.10240609807019471,0.8975939019298053
5,4,50,RL_adaptive_drift,0.10745366971092402,0.8925463302890759
5,4,100,RL_adaptive_drift,0.09910215560686046,0.9008978443931396
5,4,250,RL_adaptive_drift,0.11992360599557993,0.8800763940044201
5,4,500,RL_adaptive_drift,0.0843033771458862,0.9156966228541138
6,0,10,RL_adaptive_drift,0.18453386807214678,0.8154661319278532
6,0,25,RL_adaptive_drift,0.18984474693311015,0.8101552530668898
6,0,50,RL_adaptive_drift,0.19038696446088818,0.8096130355391118
6,0,100,RL_adaptive_drift,0.19528736568223626,0.8047126343177637
6,0,250,RL_adaptive_drift,0.16071213079619165,0.8392878692038084
6,0,500,RL_adaptive_drift,0.21499186444303248,0.7850081355569676
6,1,10,RL_adaptive_drift,0.18699015205551509,0.8130098479444849
6,1,25,RL_adaptive_drift,0.18378308529510293,0.8162169147048971
6,1,50,RL_adaptive_drift,0.19972617124221165,0.8002738287577884
6,1,100,RL_adaptive_drift,0.20571481965953264,0.7942851803404674
6,1,250,RL_adaptive_drift,0.2281902857172074,0.7718097142827927
6,1,500,RL_adaptive_drift,0.1966852023818395,0.8033147976181605
6,2,10,RL_adaptive_drift,0.18556232051296148,0.8144376794870385
6,2,25,RL_adaptive_drift,0.18115475988033758,0.8188452401196624
6,2,50,RL_adaptive_drift,0.17303613622686165,0.8269638637731384
6,2,100,RL_adaptive_drift,0.196341546146771,0.803658453853229
6,2,250,RL_adaptive_drift,0.1863450184869627,0.8136549815130373
6,2,500,RL_adaptive_drift,0.19387007116854513,0.8061299288314548
6,3,10,RL_adaptive_drift,0.18458778700292694,0.8154122129970731
6,3,25,RL_adaptive_drift,0.19093551646345155,0.8090644835365485
6,3,50,RL_adaptive_drift,0.20404010323039518,0.7959598967696049
6,3,100,RL_adaptive_drift,0.1660657335497338,0.8339342664502662
6,3,250,RL_adaptive_drift,0.20924936609080658,0.7907506339091934
6,3,500,RL_adaptive_drift,0.14073958804169082,0.8592604119583092
6,4,10,RL_adaptive_drift,0.18492372953286487,0.8150762704671352
6,4,25,RL_adaptive_drift,0.18717821608763854,0.8128217839123615
6,4,50,RL_adaptive_drift,0.1944269751537597,0.8055730248462403
6,4,100,RL_adaptive_drift,0.19758278607884264,0.8024172139211574
6,4,250,RL_adaptive_drift,0.18209032472032596,0.8179096752796741
6,4,500,RL_adaptive_drift,0.1866363106910781,0.8133636893089219
7,0,10,RL_adaptive_drift,0.6979954693730186,0.3020045306269814
7,0,25,RL_adaptive_drift,0.6955688411478971,0.3044311588521029
7,0,50,RL_adaptive_drift,0.6941050081563702,0.3058949918436298
7,0,100,RL_adaptive_drift,0.6873726696180754,0.3126273303819246
7,0,250,RL_adaptive_drift,0.7301256234504306,0.26987437654956936
7,0,500,RL_adaptive_drift,0.6917091426174754,0.3082908573825246
7,1,10,RL_adaptive_drift,0.6923052830223373,0.3076947169776627
7,1,25,RL_adaptive_drift,0.698152727538015,0.30184727246198495
7,1,50,RL_adaptive_drift,0.690042316678339,0.30995768332166096
7,1,100,RL_adaptive_drift,0.7003662011412992,0.2996337988587008
7,1,250,RL_adaptive_drift,0.6989360787559173,0.30106392124408266
7,1,500,RL_adaptive_drift,0.7033789067105939,0.2966210932894061
7,2,10,RL_adaptive_drift,0.6942278457997809,0.3057721542002191
7,2,25,RL_adaptive_drift,0.6942680024979231,0.3057319975020769
7,2,50,RL_adaptive_drift,0.7044024186865337,0.29559758131346625
7,2,100,RL_adaptive_drift,0.6716996355447616,0.32830036445523836
7,2,250,RL_adaptive_drift,0.6928216822576538,0.30717831774234616
7,2,500,RL_adaptive_drift,0.7036350669442144,0.2963649330557856
7,3,10,RL_adaptive_drift,0.6932144548804993,0.30678554511950074
7,3,25,RL_adaptive_drift,0.6886354442821516,0.3113645557178484
7,3,50,RL_adaptive_drift,0.6957123805000454,0.30428761949995464
7,3,100,RL_adaptive_drift,0.6923902432161532,0.30760975678384683
7,3,250,RL_adaptive_drift,0.688797776503567,0.311202223496433
7,3,500,RL_adaptive_drift,0.7231096499588116,0.27689035004118845
7,4,10,RL_adaptive_drift,0.6960895276403132,0.3039104723596868
7,4,25,RL_adaptive_drift,0.6946592745905251,0.3053407254094749
7,4,50,RL_adaptive_drift,0.6930127985347061,0.3069872014652939
7,4,100,RL_adaptive_drift,0.6877930715556368,0.31220692844436315
7,4,250,RL_adaptive_drift,0.7143339412029034,0.2856660587970966
7,4,500,RL_adaptive_drift,0.6634768943663095,0.3365231056336905
8,0,10,RL_adaptive_drift,0.15018074120296113,0.8498192587970389
8,0,25,RL_adaptive_drift,0.3418664565249738,0.6581335434750262
8,0,50,RL_adaptive_drift,0.3395498116056657,0.6604501883943343
8,0,100,RL_adaptive_drift,0.3504169613648935,0.6495830386351065
8,0,250,RL_adaptive_drift,0.31835422006431274,0.6816457799356872
8,0,500,RL_adaptive_drift,0.3109250519933079,0.6890749480066921
8,1,10,RL_adaptive_drift,0.3418328430639928,0.6581671569360072
8,1,25,RL_adaptive_drift,0.3392633161063786,0.6607366838936214
8,1,50,RL_adaptive_drift,0.15894580558288512,0.8410541944171148
8,1,100,RL_adaptive_drift,0.33730256415718435,0.6626974358428157
8,1,250,RL_adaptive_drift,0.32343629996436185,0.6765637000356381
8,1,500,RL_adaptive_drift,0.3028773396545611,0.6971226603454389
8,2,10,RL_adaptive_drift,0.14684630663518608,0.853153693364814
8,2,25,RL_adaptive_drift,0.3492626164970541,0.650737383502946
8,2,50,RL_adaptive_drift,0.1539528803870516,0.8460471196129484
8,2,100,RL_adaptive_drift,0.3667924278436197,0.6332075721563803
8,2,250,RL_adaptive_drift,0.3496102315666082,0.6503897684333918
8,2,500,RL_adaptive_drift,0.304990109382872,0.695009890617128
8,3,10,RL_adaptive_drift,0.14952955908471413,0.8504704409152859
8,3,25,RL_adaptive_drift,0.15389540709061877,0.8461045929093812
8,3,50,RL_adaptive_drift,0.1456589969462781,0.854341003053722
8,3,100,RL_adaptive_drift,0.3404349676283856,0.6595650323716145
8,3,250,RL_adaptive_drift,0.3206640507604663,0.6793359492395337
8,3,500,RL_adaptive_drift,0.33862781380878965,0.6613721861912103
8,4,10,RL_adaptive_drift,0.1466522045956758,0.8533477954043243
8,4,25,RL_adaptive_drift,0.34104590023038145,0.6589540997696186
8,4,50,RL_adaptive_drift,0.3422301226868005,0.6577698773131995
8,4,100,RL_adaptive_drift,0.3437270455024836,0.6562729544975163
8,4,250,RL_adaptive_drift,0.32771662479722746,0.6722833752027726
8,4,500,RL_adaptive_drift,0.1453249513525463,0.8546750486474537
9,0,10,RL_adaptive_drift,0.44499006432302174,0.5550099356769782
9,0,25,RL_adaptive_drift,0.4519404601685723,0.5480595398314276
9,0,50,RL_adaptive_drift,0.4493474399444283,0.5506525600555717
9,0,100,RL_adaptive_drift,0.44767152138862715,0.5523284786113729
9,0,250,RL_adaptive_drift,0.4530111994238762,0.5469888005761239
9,0,500,RL_adaptive_drift,0.41799005117058136,0.5820099488294186
9,1,10,RL_adaptive_drift,0.4493106241988346,0.5506893758011654
9,1,25,RL_adaptive_drift,0.4530893853391783,0.5469106146608217
9,1,50,RL_adaptive_drift,0.4488074744072433,0.5511925255927568
9,1,100,RL_adaptive_drift,0.4447206534267713,0.5552793465732286
9,1,250,RL_adaptive_drift,0.4261283953708404,0.5738716046291596
9,1,500,RL_adaptive_drift,0.4113227323230451,0.5886772676769549
9,2,10,RL_adaptive_drift,0.44781877854859675,0.5521812214514032
9,2,25,RL_adaptive_drift,0.45448065117800013,0.5455193488219998
9,2,50,RL_adaptive_drift,0.45231148621315903,0.547688513786841
9,2,100,RL_adaptive_drift,0.43599238717581795,0.564007612824182
9,2,250,RL_adaptive_drift,0.449549064706023,0.550450935293977
9,2,500,RL_adaptive_drift,0.4335731318066532,0.5664268681933469
9,3,10,RL_adaptive_drift,0.44666520072272187,0.5533347992772781
9,3,25,RL_adaptive_drift,0.10614401755843687,0.8938559824415632
9,3,50,RL_adaptive_drift,0.07851972971499632,0.9214802702850037
9,3,100,RL_adaptive_drift,0.44761465898216724,0.5523853410178328
9,3,250,RL_adaptive_drift,0.4457101957897024,0.5542898042102976
9,3,500,RL_adaptive_drift,0.4398655553857146,0.5601344446142854
9,4,10,RL_adaptive_drift,0.4435829774932694,0.5564170225067306
9,4,25,RL_adaptive_drift,0.45285261958244705,0.547147380417553
9,4,50,RL_adaptive_drift,0.4446759044018326,0.5553240955981674
9,4,100,RL_adaptive_drift,0.44999352572447854,0.5500064742755215
9,4,250,RL_adaptive_drift,0.4307039187333805,0.5692960812666195
9,4,500,RL_adaptive_drift,0.440263395647344,0.5597366043526559
10,0,10,RL_adaptive_drift,0.372835146967472,0.627164853032528
10,0,25,RL_adaptive_drift,0.36756093187398864,0.6324390681260114
10,0,50,RL_adaptive_drift,0.37410072368514435,0.6258992763148556
10,0,100,RL_adaptive_drift,0.3762958123610956,0.6237041876389045
10,0,250,RL_adaptive_drift,0.35777657614095687,0.6422234238590432
10,0,500,RL_adaptive_drift,0.36504726981340585,0.6349527301865941
10,1,10,RL_adaptive_drift,0.36554970420727906,0.6344502957927209
10,1,25,RL_adaptive_drift,0.37276364695703396,0.6272363530429661
10,1,50,RL_adaptive_drift,0.36956864630333897,0.630431353696661
10,1,100,RL_adaptive_drift,0.36953900334940976,0.6304609966505903
10,1,250,RL_adaptive_drift,0.374559238525932,0.625440761474068
10,1,500,RL_adaptive_drift,0.35714484697713694,0.642855153022863
10,2,10,RL_adaptive_drift,0.37046280659888414,0.6295371934011158
10,2,25,RL_adaptive_drift,0.36317922834736743,0.6368207716526326
10,2,50,RL_adaptive_drift,0.3759401572313111,0.624059842768689
10,2,100,RL_adaptive_drift,0.3674957440525648,0.6325042559474352
10,2,250,RL_adaptive_drift,0.37257277666924554,0.6274272233307545
10,2,500,RL_adaptive_drift,0.3653878597640167,0.6346121402359832
10,3,10,RL_adaptive_drift,0.3740681155147572,0.6259318844852428
10,3,25,RL_adaptive_drift,0.3743743397322212,0.6256256602677788
10,3,50,RL_adaptive_drift,0.36275141657817433,0.6372485834218257
10,3,100,RL_adaptive_drift,0.3690977686761259,0.6309022313238741
10,3,250,RL_adaptive_drift,0.3573180883314397,0.6426819116685603
10,3,500,RL_adaptive_drift,0.35019078348217747,0.6498092165178225
10,4,10,RL_adaptive_drift,0.369670951543086,0.630329048456914
10,4,25,RL_adaptive_drift,0.3760398542223104,0.6239601457776895
10,4,50,RL_adaptive_drift,0.37675622928195407,0.6232437707180459
10,4,100,RL_adaptive_drift,0.3755806455987966,0.6244193544012033
10,4,250,RL_adaptive_drift,0.3730958636124911,0.626904136387509
10,4,500,RL_adaptive_drift,0.4140099548469146,0.5859900451530854
11,0,10,RL_adaptive_drift,0.6618699291275483,0.3381300708724517
11,0,25,RL_adaptive_drift,0.6598214528340399,0.3401785471659601
11,0,50,RL_adaptive_drift,0.6674336515436444,0.3325663484563556
11,0,100,RL_adaptive_drift,0.6592890377298404,0.3407109622701596
11,0,250,RL_adaptive_drift,0.6800250685289583,0.3199749314710417
11,0,500,RL_adaptive_drift,0.6544256532874515,0.3455743467125485
11,1,10,RL_adaptive_drift,0.6637072496635149,0.3362927503364851
11,1,25,RL_adaptive_drift,0.6682466719921121,0.3317533280078879
11,1,50,RL_adaptive_drift,0.6734820068279374,0.32651799317206265
11,1,100,RL_adaptive_drift,0.657535199388385,0.342464800611615
11,1,250,RL_adaptive_drift,0.6682776187139012,0.33172238128609877
11,1,500,RL_adaptive_drift,0.6288588927942075,0.3711411072057925
11,2,10,RL_adaptive_drift,0.6628049606035757,0.33719503939642426
11,2,25,RL_adaptive_drift,0.6613766645809199,0.3386233354190801
11,2,50,RL_adaptive_drift,0.6677138109693599,0.3322861890306401
11,2,100,RL_adaptive_drift,0.6712345034454733,0.3287654965545267
11,2,250,RL_adaptive_drift,0.638119963387125,0.36188003661287504
11,2,500,RL_adaptive_drift,0.6695822008565392,0.3304177991434608
11,3,10,RL_adaptive_drift,0.6598258716182339,0.3401741283817661
11,3,25,RL_adaptive_drift,0.663212942749919,0.33678705725008096
11,3,50,RL_adaptive_drift,0.6664789748683655,0.3335210251316345
11,3,100,RL_adaptive_drift,0.6598698381548218,0.3401301618451782
11,3,250,RL_adaptive_drift,0.6622926687810825,0.3377073312189175
11,3,500,RL_adaptive_drift,0.6517633081640555,0.3482366918359445
11,4,10,RL_adaptive_drift,0.6656376709450199,0.3343623290549801
11,4,25,RL_adaptive_drift,0.6650613172925128,0.33493868270748717
11,4,50,RL_adaptive_drift,0.6558049915110474,0.34419500848895257
11,4,100,RL_adaptive_drift,0.6619386180610306,0.3380613819389694
11,4,250,RL_adaptive_drift,0.6795286092234679,0.3204713907765321
11,4,500,RL_adaptive_drift,0.642571047822773,0.35742895217722703
12,0,10,RL_adaptive_drift,0.23959257316975305,0.760407426830247
12,0,25,RL_adaptive_drift,0.24015434794065713,0.7598456520593428
12,0,50,RL_adaptive_drift,0.2367843973478207,0.7632156026521792
12,0,100,RL_adaptive_drift,0.22862023681558807,0.7713797631844119
12,0,250,RL_adaptive_drift,0.2724714201634242,0.7275285798365758
12,0,500,RL_adaptive_drift,0.2576742298866739,0.7423257701133261
12,1,10,RL_adaptive_drift,0.242606741095123,0.757393258904877
12,1,25,RL_adaptive_drift,0.24175206820181802,0.758247931798182
12,1,50,RL_adaptive_drift,0.23943633073131268,0.7605636692686873
12,1,100,RL_adaptive_drift,0.2521475154961858,0.7478524845038141
12,1,250,RL_adaptive_drift,0.18235771383260352,0.8176422861673964
12,1,500,RL_adaptive_drift,0.22642382833266242,0.7735761716673376
12,2,10,RL_adaptive_drift,0.2369552184315287,0.7630447815684713
12,2,25,RL_adaptive_drift,0.24553408676488223,0.7544659132351178
12,2,50,RL_adaptive_drift,0.25240742288632695,0.7475925771136731
12,2,100,RL_adaptive_drift,0.23541047069008345,0.7645895293099165
12,2,250,RL_adaptive_drift,0.2253469480547519,0.7746530519452481
12,2,500,RL_adaptive_drift,0.2266933688270442,0.7733066311729558
12,3,10,RL_adaptive_drift,0.2357247633149167,0.7642752366850833
12,3,25,RL_adaptive_drift,0.23409031076073233,0.7659096892392676
12,3,50,RL_adaptive_drift,0.22965416793730595,0.770345832062694
12,3,100,RL_adaptive_drift,0.25073823494705644,0.7492617650529436
12,3,250,RL_adaptive_drift,0.21834107143000497,0.7816589285699951
12,3,500,RL_adaptive_drift,0.2580401862994795,0.7419598137005206
12,4,10,RL_adaptive_drift,0.2413387393093218,0.7586612606906782
12,4,25,RL_adaptive_drift,0.23779567885439973,0.7622043211456002
12,4,50,RL_adaptive_drift,0.24726198177246378,0.7527380182275363
12,4,100,RL_adaptive_drift,0.2482000519831383,0.7517999480168617
12,4,250,RL_adaptive_drift,0.21338171444782159,0.7866182855521784
12,4,500,RL_adaptive_drift,0.26432540953067496,0.735674590469325
13,0,10,RL_adaptive_drift,0.1472390634629584,0.8527609365370417
13,0,25,RL_adaptive_drift,0.23567944452441114,0.7643205554755889
13,0,50,RL_adaptive_drift,0.24871040599930705,0.751289594000693
13,0,100,RL_adaptive_drift,0.23899137378631405,0.7610086262136859
13,0,250,RL_adaptive_drift,0.23773721607570075,0.7622627839242992
13,0,500,RL_adaptive_drift,0.2564659212712593,0.7435340787287408
13,1,10,RL_adaptive_drift,0.24082483506348515,0.7591751649365148
13,1,25,RL_adaptive_drift,0.23742643482134884,0.7625735651786512
13,1,50,RL_adaptive_drift,0.2447742838951457,0.7552257161048543
13,1,100,RL_adaptive_drift,0.2388640274593389,0.7611359725406611
13,1,250,RL_adaptive_drift,0.24908781412019634,0.7509121858798037
13,1,500,RL_adaptive_drift,0.2412501385034446,0.7587498614965554
13,2,10,RL_adaptive_drift,0.240118668600248,0.759881331399752
13,2,25,RL_adaptive_drift,0.2424530370982956,0.7575469629017044
13,2,50,RL_adaptive_drift,0.2469671001577612,0.7530328998422389
13,2,100,RL_adaptive_drift,0.24188938631017054,0.7581106136898295
13,2,250,RL_adaptive_drift,0.24543848023506737,0.7545615197649327
13,2,500,RL_adaptive_drift,0.2468879726156246,0.7531120273843754
13,3,10,RL_adaptive_drift,0.24152768609282507,0.758472313907175
13,3,25,RL_adaptive_drift,0.23797767261089153,0.7620223273891085
13,3,50,RL_adaptive_drift,0.24118826968334153,0.7588117303166585
13,3,100,RL_adaptive_drift,0.22911502081637322,0.7708849791836268
13,3,250,RL_adaptive_drift,0.2552346153627648,0.7447653846372352
13,3,500,RL_adaptive_drift,0.24826736494733745,0.7517326350526625
13,4,10,RL_adaptive_drift,0.23789050418496097,0.7621094958150391
13,4,25,RL_adaptive_drift,0.2322989034636842,0.7677010965363158
13,4,50,RL_adaptive_drift,0.2544976823571529,0.745502317642847
13,4,100,RL_adaptive_drift,0.24601081439804678,0.7539891856019532
13,4,250,RL_adaptive_drift,0.2507220385656616,0.7492779614343383
13,4,500,RL_adaptive_drift,0.2803352055597864,0.7196647944402136
14,0,10,RL_adaptive_drift,0.3984398945506648,0.6015601054493351
14,0,25,RL_adaptive_drift,0.02785298375697604,0.9721470162430239
14,0,50,RL_adaptive_drift,0.4075744995235729,0.5924255004764272
14,0,100,RL_adaptive_drift,0.3872026498805452,0.6127973501194548
14,0,250,RL_adaptive_drift,0.40560797012720845,0.5943920298727916
14,0,500,RL_adaptive_drift,0.407463221963346,0.5925367780366539
14,1,10,RL_adaptive_drift,0.40131466087678386,0.5986853391232161
14,1,25,RL_adaptive_drift,0.4062415772583367,0.5937584227416632
14,1,50,RL_adaptive_drift,0.39179220708785867,0.6082077929121413
14,1,100,RL_adaptive_drift,0.41534379615445177,0.5846562038455483
14,1,250,RL_adaptive_drift,0.41605369682980886,0.5839463031701911
14,1,500,RL_adaptive_drift,0.4420245646404439,0.5579754353595561
14,2,10,RL_adaptive_drift,0.409068907047716,0.590931092952284
14,2,25,RL_adaptive_drift,0.40796243879456195,0.592037561205438
14,2,50,RL_adaptive_drift,0.4030787716541471,0.5969212283458529
14,2,100,RL_adaptive_drift,0.427555034461408,0.5724449655385919
14,2,250,RL_adaptive_drift,0.42519331784067277,0.5748066821593272
14,2,500,RL_adaptive_drift,0.4208157910157371,0.5791842089842629
14,3,10,RL_adaptive_drift,0.054025648913555734,0.9459743510864442
14,3,25,RL_adaptive_drift,0.4053615396847393,0.5946384603152607
14,3,50,RL_adaptive_drift,0.4063368242573351,0.5936631757426649
14,3,100,RL_adaptive_drift,0.41116553796633976,0.5888344620336603
14,3,250,RL_adaptive_drift,0.4214505080718658,0.5785494919281342
14,3,500,RL_adaptive_drift,0.40513518879131005,0.59486481120869
14,4,10,RL_adaptive_drift,0.027475602657097177,0.9725243973429029
14,4,25,RL_adaptive_drift,0.40048404970442214,0.5995159502955778
14,4,50,RL_adaptive_drift,0.42591862798007213,0.5740813720199278
14,4,100,RL_adaptive_drift,0.4190408739894496,0.5809591260105504
14,4,250,RL_adaptive_drift,0.42292110687959816,0.5770788931204018
14,4,500,RL_adaptive_drift,0.39570584319746377,0.6042941568025362
15,0,10,RL_adaptive_drift,0.5489233026684149,0.45107669733158506
15,0,25,RL_adaptive_drift,0.06804927562680449,0.9319507243731955
15,0,50,RL_adaptive_drift,0.5473883506276852,0.4526116493723148
15,0,100,RL_adaptive_drift,0.5540007080435049,0.4459992919564951
15,0,250,RL_adaptive_drift,0.5238049532723156,0.4761950467276844
15,0,500,RL_adaptive_drift,0.528073612409891,0.47192638759010896
15,1,10,RL_adaptive_drift,0.1977977197545626,0.8022022802454374
15,1,25,RL_adaptive_drift,0.5392141842792991,0.4607858157207009
15,1,50,RL_adaptive_drift,0.5500779399332366,0.4499220600667634
15,1,100,RL_adaptive_drift,0.5529275245154295,0.4470724754845705
15,1,250,RL_adaptive_drift,0.5481074568461469,0.4518925431538531
15,1,500,RL_adaptive_drift,0.5806415778773856,0.4193584221226144
15,2,10,RL_adaptive_drift,0.5542712614296077,0.4457287385703923
15,2,25,RL_adaptive_drift,0.5491105503122589,0.45088944968774114
15,2,50,RL_adaptive_drift,0.5455584698093618,0.45444153019063815
15,2,100,RL_adaptive_drift,0.5359228647745244,0.46407713522547556
15,2,250,RL_adaptive_drift,0.5288093127582493,0.4711906872417507
15,2,500,RL_adaptive_drift,0.541205707569171,0.45879429243082903
15,3,10,RL_adaptive_drift,0.5494684628734015,0.45053153712659855
15,3,25,RL_adaptive_drift,0.2000285732563038,0.7999714267436961
15,3,50,RL_adaptive_drift,0.5502757531330722,0.4497242468669278
15,3,100,RL_adaptive_drift,0.560629754162604,0.43937024583739603
15,3,250,RL_adaptive_drift,0.5749383409952162,0.42506165900478377
15,3,500,RL_adaptive_drift,0.5816024658534434,0.41839753414655656
15,4,10,RL_adaptive_drift,0.5495700296224816,0.4504299703775184
15,4,25,RL_adaptive_drift,0.5430339782194704,0.4569660217805296
15,4,50,RL_adaptive_drift,0.5484791594265523,0.45152084057344766
15,4,100,RL_adaptive_drift,0.5586132028260333,0.44138679717396667
15,4,250,RL_adaptive_drift,0.5951506145189498,0.4048493854810502
15,4,500,RL_adaptive_drift,0.5547800145032663,0.4452199854967337
16,0,10,RL_adaptive_drift,0.11172795437309876,0.8882720456269012
16,0,25,RL_adaptive_drift,0.10484408224395803,0.895155917756042
16,0,50,RL_adaptive_drift,0.10485797948990153,0.8951420205100985
16,0,100,RL_adaptive_drift,0.10307544131437796,0.896924558685622
16,0,250,RL_adaptive_drift,0.08622031347247285,0.9137796865275272
16,0,500,RL_adaptive_drift,0.10535825463632534,0.8946417453636747
16,1,10,RL_adaptive_drift,0.08568637795223581,0.9143136220477642
16,1,25,RL_adaptive_drift,0.09241717695177544,0.9075828230482246
16,1,50,RL_adaptive_drift,0.10136197606814758,0.8986380239318524
16,1,100,RL_adaptive_drift,0.10876849763831689,0.8912315023616831
16,1,250,RL_adaptive_drift,0.10627019284820545,0.8937298071517945
16,1,500,RL_adaptive_drift,0.11229651056949272,0.8877034894305073
16,2,10,RL_adaptive_drift,0.10719190132916182,0.8928080986708382
16,2,25,RL_adaptive_drift,0.10775238552047672,0.8922476144795233
16,2,50,RL_adaptive_drift,0.10136975695806719,0.8986302430419328
16,2,100,RL_adaptive_drift,0.0907867388969737,0.9092132611030264
16,2,250,RL_adaptive_drift,0.13322904093532925,0.8667709590646707
16,2,500,RL_adaptive_drift,0.12134908260151295,0.8786509173984871
16,3,10,RL_adaptive_drift,0.10976122885938364,0.8902387711406163
16,3,25,RL_adaptive_drift,0.11144199565760979,0.8885580043423902
16,3,50,RL_adaptive_drift,0.1155303660674499,0.8844696339325501
16,3,100,RL_adaptive_drift,0.11478321442784746,0.8852167855721526
16,3,250,RL_adaptive_drift,0.09183409236565143,0.9081659076343486
16,3,500,RL_adaptive_drift,0.12166588909152347,0.8783341109084766
16,4,10,RL_adaptive_drift,0.08715947152072254,0.9128405284792774
16,4,25,RL_adaptive_drift,0.36237631386262564,0.6376236861373743
16,4,50,RL_adaptive_drift,0.1147325310530891,0.8852674689469109
16,4,100,RL_adaptive_drift,0.09094161752281817,0.9090583824771818
16,4,250,RL_adaptive_drift,0.07643978370622376,0.9235602162937763
16,4,500,RL_adaptive_drift,0.09925406894014657,0.9007459310598535
17,0,10,RL_adaptive_drift,0.6552541088611377,0.34474589113886234
17,0,25,RL_adaptive_drift,0.6545511829807006,0.3454488170192994
17,0,50,RL_adaptive_drift,0.6519860124215934,0.3480139875784066
17,0,100,RL_adaptive_drift,0.6506678550242987,0.3493321449757013
17,0,250,RL_adaptive_drift,0.654111635827536,0.34588836417246405
17,0,500,RL_adaptive_drift,0.664540736691359,0.33545926330864095
17,1,10,RL_adaptive_drift,0.6546760509175491,0.3453239490824509
17,1,25,RL_adaptive_drift,0.6532029957352063,0.34679700426479365
17,1,50,RL_adaptive_drift,0.6532609984348242,0.3467390015651758
17,1,100,RL_adaptive_drift,0.6454025874473497,0.3545974125526503
17,1,250,RL_adaptive_drift,0.6589540462821526,0.3410459537178474
17,1,500,RL_adaptive_drift,0.6637720982476347,0.3362279017523653
17,2,10,RL_adaptive_drift,0.6549315995650176,0.34506840043498244
17,2,25,RL_adaptive_drift,0.6550204412742048,0.3449795587257952
17,2,50,RL_adaptive_drift,0.6405734728538617,0.3594265271461383
17,2,100,RL_adaptive_drift,0.659605664063747,0.340394335936253
17,2,250,RL_adaptive_drift,0.6604826783439295,0.3395173216560705
17,2,500,RL_adaptive_drift,0.6340108716093242,0.36598912839067577
17,3,10,RL_adaptive_drift,0.6552590752471228,0.3447409247528772
17,3,25,RL_adaptive_drift,0.6600684145301429,0.33993158546985713
17,3,50,RL_adaptive_drift,0.6570846323027315,0.3429153676972685
17,3,100,RL_adaptive_drift,0.6657182852829334,0.3342817147170666
17,3,250,RL_adaptive_drift,0.6584858358488482,0.34151416415115177
17,3,500,RL_adaptive_drift,0.6842225379755146,0.3157774620244854
17,4,10,RL_adaptive_drift,0.6517034442438019,0.3482965557561981
17,4,25,RL_adaptive_drift,0.6548244097944224,0.34517559020557764
17,4,50,RL_adaptive_drift,0.6574328819804366,0.3425671180195634
17,4,100,RL_adaptive_drift,0.6378151387795216,0.36218486122047844
17,4,250,RL_adaptive_drift,0.6424524863734496,0.35754751362655035
17,4,500,RL_adaptive_drift,0.6462096275155147,0.3537903724844853
18,0,10,RL_adaptive_drift,0.1506449756634081,0.8493550243365919
18,0,25,RL_adaptive_drift,0.14441474238059637,0.8555852576194036
18,0,50,RL_adaptive_drift,0.14667062373160872,0.8533293762683913
18,0,100,RL_adaptive_drift,0.14799463728954565,0.8520053627104544
18,0,250,RL_adaptive_drift,0.1363878523495535,0.8636121476504465
18,0,500,RL_adaptive_drift,0.10666629976217017,0.8933337002378299
18,1,10,RL_adaptive_drift,0.14826278397552276,0.8517372160244773
18,1,25,RL_adaptive_drift,0.14779870533513934,0.8522012946648607
18,1,50,RL_adaptive_drift,0.15538716155580562,0.8446128384441944
18,1,100,RL_adaptive_drift,0.16673555064938514,0.8332644493506148
18,1,250,RL_adaptive_drift,0.14830491089512698,0.851695089104873
18,1,500,RL_adaptive_drift,0.14937004201360096,0.8506299579863991
18,2,10,RL_adaptive_drift,0.14763961260010983,0.8523603873998902
18,2,25,RL_adaptive_drift,0.15064092521208428,0.8493590747879157
18,2,50,RL_adaptive_drift,0.14604757919789824,0.8539524208021018
18,2,100,RL_adaptive_drift,0.1566108845948922,0.8433891154051079
18,2,250,RL_adaptive_drift,0.16242370156524621,0.8375762984347538
18,2,500,RL_adaptive_drift,0.15690073315220035,0.8430992668477997
18,3,10,RL_adaptive_drift,0.14957764563837575,0.8504223543616243
18,3,25,RL_adaptive_drift,0.1503276509288259,0.8496723490711741
18,3,50,RL_adaptive_drift,0.1467211634025706,0.8532788365974294
18,3,100,RL_adaptive_drift,0.14869195919912825,0.8513080408008717
18,3,250,RL_adaptive_drift,0.13600719400323388,0.8639928059967661
18,3,500,RL_adaptive_drift,0.13944051546947164,0.8605594845305283
18,4,10,RL_adaptive_drift,0.15051462369029361,0.8494853763097063
18,4,25,RL_adaptive_drift,0.1507709852567066,0.8492290147432934
18,4,50,RL_adaptive_drift,0.1418669446226177,0.8581330553773823
18,4,100,RL_adaptive_drift,0.1420589325903887,0.8579410674096113
18,4,250,RL_adaptive_drift,0.15123780454478516,0.8487621954552148
18,4,500,RL_adaptive_drift,0.11708289266954292,0.8829171073304571
19,0,10,RL_adaptive_drift,0.2289407582742956,0.7710592417257044
19,0,25,RL_adaptive_drift,0.23570631710040357,0.7642936828995964
19,0,50,RL_adaptive_drift,0.238007769337416,0.761992230662584
19,0,100,RL_adaptive_drift,0.2241455560877852,0.7758544439122148
19,0,250,RL_adaptive_drift,0.23339357448400685,0.7666064255159931
19,0,500,RL_adaptive_drift,0.21755144814771243,0.7824485518522876
19,1,10,RL_adaptive_drift,0.23394576491155875,0.7660542350884413
19,1,25,RL_adaptive_drift,0.22833075197637345,0.7716692480236266
19,1,50,RL_adaptive_drift,0.23308248869841475,0.7669175113015853
19,1,100,RL_adaptive_drift,0.2445693979274237,0.7554306020725763
19,1,250,RL_adaptive_drift,0.19659541986221502,0.8034045801377849
19,1,500,RL_adaptive_drift,0.21040265180502457,0.7895973481949754
19,2,10,RL_adaptive_drift,0.23060288090147488,0.7693971190985252
19,2,25,RL_adaptive_drift,0.23544644846857124,0.7645535515314288
19,2,50,RL_adaptive_drift,0.08856009878527063,0.9114399012147294
19,2,100,RL_adaptive_drift,0.23040916845121295,0.769590831548787
19,2,250,RL_adaptive_drift,0.2280444150024082,0.7719555849975918
19,2,500,RL_adaptive_drift,0.08679797497584155,0.9132020250241585
19,3,10,RL_adaptive_drift,0.2304336850783726,0.7695663149216274
19,3,25,RL_adaptive_drift,0.23041774845513477,0.7695822515448653
19,3,50,RL_adaptive_drift,0.21993236763507804,0.7800676323649219
19,3,100,RL_adaptive_drift,0.22630206122274335,0.7736979387772567
19,3,250,RL_adaptive_drift,0.2198028875215552,0.7801971124784448
19,3,500,RL_adaptive_drift,0.211887941304799,0.7881120586952011
19,4,10,RL_adaptive_drift,0.08731863849980176,0.9126813615001983
19,4,25,RL_adaptive_drift,0.2342281239411264,0.7657718760588736
19,4,50,RL_adaptive_drift,0.08845641941801236,0.9115435805819876
19,4,100,RL_adaptive_drift,0.248267608626975,0.7517323913730249
19,4,250,RL_adaptive_drift,0.233024516903085,0.766975483096915
19,4,500,RL_adaptive_drift,0.22195993095368513,0.7780400690463148
20,0,10,RL_adaptive_drift,0.5599633530636201,0.4400366469363799
20,0,25,RL_adaptive_drift,0.5590519657152834,0.44094803428471663
20,0,50,RL_adaptive_drift,0.5709523939929978,0.4290476060070022
20,0,100,RL_adaptive_drift,0.5631535630882409,0.43684643691175906
20,0,250,RL_adaptive_drift,0.5500992178725723,0.4499007821274277
20,0,500,RL_adaptive_drift,0.5497630961718762,0.45023690382812376
20,1,10,RL_adaptive_drift,0.5632030738231607,0.4367969261768393
20,1,25,RL_adaptive_drift,0.5573558502874467,0.4426441497125533
20,1,50,RL_adaptive_drift,0.5678015679682292,0.4321984320317708
20,1,100,RL_adaptive_drift,0.5628641821596772,0.43713581784032285
20,1,250,RL_adaptive_drift,0.5597098492733319,0.4402901507266681
20,1,500,RL_adaptive_drift,0.5596293534948854,0.4403706465051146
20,2,10,RL_adaptive_drift,0.5601537472265349,0.4398462527734651
20,2,25,RL_adaptive_drift,0.5509367867985121,0.4490632132014879
20,2,50,RL_adaptive_drift,0.5508665335066841,0.44913346649331587
20,2,100,RL_adaptive_drift,0.5648474828601894,0.4351525171398106
20,2,250,RL_adaptive_drift,0.5622358356722283,0.43776416432777165
20,2,500,RL_adaptive_drift,0.6020068559594575,0.39799314404054253
20,3,10,RL_adaptive_drift,0.5649114335129377,0.4350885664870623
20,3,25,RL_adaptive_drift,0.5613124842630299,0.43868751573697007
20,3,50,RL_adaptive_drift,0.5629916394739054,0.4370083605260946
20,3,100,RL_adaptive_drift,0.5551721046507295,0.4448278953492705
20,3,250,RL_adaptive_drift,0.5571490113160142,0.44285098868398576
20,3,500,RL_adaptive_drift,0.5552966864799503,0.44470331352004966
20,4,10,RL_adaptive_drift,0.5560147190486078,0.4439852809513922
20,4,25,RL_adaptive_drift,0.561146870179178,0.43885312982082203
20,4,50,RL_adaptive_drift,0.5654118439838753,0.43458815601612466
20,4,100,RL_adaptive_drift,0.5626268800938156,0.43737311990618444
20,4,250,RL_adaptive_drift,0.5483402019274355,0.4516597980725645
20,4,500,RL_adaptive_drift,0.5003290348233806,0.49967096517661935
21,0,10,RL_adaptive_drift,0.30740276814221246,0.6925972318577875
21,0,25,RL_adaptive_drift,0.3059022138691954,0.6940977861308046
21,0,50,RL_adaptive_drift,0.30378506022468676,0.6962149397753132
21,0,100,RL_adaptive_drift,0.30407098351887507,0.6959290164811249
21,0,250,RL_adaptive_drift,0.31417644688493296,0.685823553115067
21,0,500,RL_adaptive_drift,0.30515330837905186,0.6948466916209481
21,1,10,RL_adaptive_drift,0.00523567248260949,0.9947643275173905
21,1,25,RL_adaptive_drift,0.3019831420957437,0.6980168579042563
21,1,50,RL_adaptive_drift,0.313472675065544,0.686527324934456
21,1,100,RL_adaptive_drift,0.31707950171623056,0.6829204982837694
21,1,250,RL_adaptive_drift,0.291678953206569,0.708321046793431
21,1,500,RL_adaptive_drift,0.3388993208661056,0.6611006791338945
21,2,10,RL_adaptive_drift,0.004357938502103488,0.9956420614978965
21,2,25,RL_adaptive_drift,0.3059308050697727,0.6940691949302273
21,2,50,RL_adaptive_drift,0.3055489361243171,0.6944510638756829
21,2,100,RL_adaptive_drift,0.300081351524791,0.699918648475209
21,2,250,RL_adaptive_drift,0.30183506212064376,0.6981649378793562
21,2,500,RL_adaptive_drift,0.31107874210835296,0.688921257891647
21,3,10,RL_adaptive_drift,0.3069380168881368,0.6930619831118632
21,3,25,RL_adaptive_drift,0.3034799994344537,0.6965200005655463
21,3,50,RL_adaptive_drift,0.30512971241888953,0.6948702875811105
21,3,100,RL_adaptive_drift,0.29388560547223685,0.7061143945277631
21,3,250,RL_adaptive_drift,0.3284562600715533,0.6715437399284467
21,3,500,RL_adaptive_drift,0.3197620253016678,0.6802379746983322
21,4,10,RL_adaptive_drift,0.004287607404530898,0.9957123925954691
21,4,25,RL_adaptive_drift,0.3030811696764912,0.6969188303235088
21,4,50,RL_adaptive_drift,0.31808807898270536,0.6819119210172946
21,4,100,RL_adaptive_drift,0.3033514626970026,0.6966485373029974
21,4,250,RL_adaptive_drift,0.33313429035621245,0.6668657096437876
21,4,500,RL_adaptive_drift,0.2959079316963517,0.7040920683036482
22,0,10,RL_adaptive_drift,0.628659061499181,0.37134093850081895
22,0,25,RL_adaptive_drift,0.6257469843135703,0.37425301568642966
22,0,50,RL_adaptive_drift,0.6254805313530309,0.37451946864696906
22,0,100,RL_adaptive_drift,0.6212046257282318,0.37879537427176824
22,0,250,RL_adaptive_drift,0.6277946377672539,0.37220536223274614
22,0,500,RL_adaptive_drift,0.6275988640698485,0.37240113593015145
22,1,10,RL_adaptive_drift,0.6289137669645926,0.37108623303540744
22,1,25,RL_adaptive_drift,0.6304667968796739,0.3695332031203261
22,1,50,RL_adaptive_drift,0.6270633068535425,0.3729366931464575
22,1,100,RL_adaptive_drift,0.6386763432906463,0.36132365670935374
22,1,250,RL_adaptive_drift,0.6300547622338071,0.3699452377661929
22,1,500,RL_adaptive_drift,0.6424734534837842,0.35752654651621585
22,2,10,RL_adaptive_drift,0.6298990837166883,0.37010091628331165
22,2,25,RL_adaptive_drift,0.6275739023564696,0.3724260976435304
22,2,50,RL_adaptive_drift,0.6285895011385926,0.3714104988614074
22,2,100,RL_adaptive_drift,0.6285411941725085,0.37145880582749147
22,2,250,RL_adaptive_drift,0.6483920400075096,0.3516079599924904
22,2,500,RL_adaptive_drift,0.6141910347256403,0.3858089652743597
22,3,10,RL_adaptive_drift,0.6290281707072445,0.3709718292927555
22,3,25,RL_adaptive_drift,0.623054371309761,0.37694562869023895
22,3,50,RL_adaptive_drift,0.6223981509429464,0.37760184905705363
22,3,100,RL_adaptive_drift,0.6229526225237961,0.37704737747620387
22,3,250,RL_adaptive_drift,0.6179141501993748,0.3820858498006252
22,3,500,RL_adaptive_drift,0.606991421685597,0.39300857831440295
22,4,10,RL_adaptive_drift,0.6286305801504597,0.3713694198495403
22,4,25,RL_adaptive_drift,0.6270253339798996,0.37297466602010043
22,4,50,RL_adaptive_drift,0.6348028975983464,0.3651971024016536
22,4,100,RL_adaptive_drift,0.624233262155021,0.37576673784497905
22,4,250,RL_adaptive_drift,0.629857372936813,0.370142627063187
22,4,500,RL_adaptive_drift,0.6395075273635706,0.36049247263642936
23,0,10,RL_adaptive_drift,0.4583043529201472,0.5416956470798528
23,0,25,RL_adaptive_drift,0.46618991715531877,0.5338100828446812
23,0,50,RL_adaptive_drift,0.4634256797924018,0.5365743202075982
23,0,100,RL_adaptive_drift,0.47474162713545165,0.5252583728645484
23,0,250,RL_adaptive_drift,0.45852147141767113,0.5414785285823289
23,0,500,RL_adaptive_drift,0.4557739286583826,0.5442260713416174
23,1,10,RL_adaptive_drift,0.4616330411652608,0.5383669588347392
23,1,25,RL_adaptive_drift,0.4667187114458874,0.5332812885541126
23,1,50,RL_adaptive_drift,0.45784432730310476,0.5421556726968952
23,1,100,RL_adaptive_drift,0.46658427624348814,0.5334157237565118
23,1,250,RL_adaptive_drift,0.4585905387143104,0.5414094612856897
23,1,500,RL_adaptive_drift,0.4391200383087626,0.5608799616912374
23,2,10,RL_adaptive_drift,0.4621603811366379,0.5378396188633621
23,2,25,RL_adaptive_drift,0.46201010848672724,0.5379898915132728
23,2,50,RL_adaptive_drift,0.4591878451409706,0.5408121548590294
23,2,100,RL_adaptive_drift,0.45841605320683443,0.5415839467931656
23,2,250,RL_adaptive_drift,0.46897338938585614,0.5310266106141439
23,2,500,RL_adaptive_drift,0.4698656641121178,0.5301343358878823
23,3,10,RL_adaptive_drift,0.25669892639530334,0.7433010736046967
23,3,25,RL_adaptive_drift,0.46029560112270285,0.5397043988772972
23,3,50,RL_adaptive_drift,0.46154790553857034,0.5384520944614297
23,3,100,RL_adaptive_drift,0.4402923195849591,0.5597076804150409
23,3,250,RL_adaptive_drift,0.4347638397068411,0.5652361602931588
23,3,500,RL_adaptive_drift,0.49445120944459175,0.5055487905554082
23,4,10,RL_adaptive_drift,0.4622643914570339,0.5377356085429661
23,4,25,RL_adaptive_drift,0.4569179770967751,0.5430820229032249
23,4,50,RL_adaptive_drift,0.4764088308212973,0.5235911691787027
23,4,100,RL_adaptive_drift,0.46965414059374977,0.5303458594062502
23,4,250,RL_adaptive_drift,0.510074962326331,0.489925037673669
23,4,500,RL_adaptive_drift,0.46249810166332606,0.5375018983366739
24,0,10,RL_adaptive_drift,0.6971917484747476,0.30280825152525237
24,0,25,RL_adaptive_drift,0.6970786624603672,0.3029213375396328
24,0,50,RL_adaptive_drift,0.6965654064809186,0.3034345935190814
24,0,100,RL_adaptive_drift,0.7021495861034165,0.2978504138965835
24,0,250,RL_adaptive_drift,0.6855555363237624,0.3144444636762376
24,0,500,RL_adaptive_drift,0.7122588043903222,0.2877411956096778
24,1,10,RL_adaptive_drift,0.6985163264574901,0.30148367354250993
24,1,25,RL_adaptive_drift,0.6961539482225809,0.3038460517774191
24,1,50,RL_adaptive_drift,0.7040083202364463,0.2959916797635537
24,1,100,RL_adaptive_drift,0.6959063814674453,0.3040936185325547
24,1,250,RL_adaptive_drift,0.6941460281982024,0.30585397180179763
24,1,500,RL_adaptive_drift,0.7050622424492458,0.29493775755075424
24,2,10,RL_adaptive_drift,0.6974010619730578,0.30259893802694215
24,2,25,RL_adaptive_drift,0.694592142414707,0.305407857585293
24,2,50,RL_adaptive_drift,0.6921345256520798,0.3078654743479202
24,2,100,RL_adaptive_drift,0.6939397766291635,0.3060602233708365
24,2,250,RL_adaptive_drift,0.6903805833454834,0.30961941665451664
24,2,500,RL_adaptive_drift,0.7245760962384082,0.27542390376159176
24,3,10,RL_adaptive_drift,0.6998416869584505,0.3001583130415495
24,3,25,RL_adaptive_drift,0.6936766470590274,0.30632335294097257
24,3,50,RL_adaptive_drift,0.6970018054163978,0.3029981945836022
24,3,100,RL_adaptive_drift,0.7038458569601959,0.29615414303980414
24,3,250,RL_adaptive_drift,0.7052599571114291,0.2947400428885709
24,3,500,RL_adaptive_drift,0.7001423504254465,0.2998576495745535
24,4,10,RL_adaptive_drift,0.6981156376504711,0.30188436234952887
24,4,25,RL_adaptive_drift,0.6980345012921169,0.30196549870788314
24,4,50,RL_adaptive_drift,0.697896102969548,0.30210389703045204
24,4,100,RL_adaptive_drift,0.6982892060698023,0.30171079393019773
24,4,250,RL_adaptive_drift,0.6928640551807772,0.3071359448192228
24,4,500,RL_adaptive_drift,0.7110670051473071,0.28893299485269286
25,0,10,RL_adaptive_drift,0.4022498005315878,0.5977501994684122
25,0,25,RL_adaptive_drift,0.3997587172939054,0.6002412827060946
25,0,50,RL_adaptive_drift,0.398985468786749,0.601014531213251
25,0,100,RL_adaptive_drift,0.38542404917395295,0.6145759508260471
25,0,250,RL_adaptive_drift,0.3981338533176971,0.601866146682303
25,0,500,RL_adaptive_drift,0.44130111714097964,0.5586988828590204
25,1,10,RL_adaptive_drift,0.40582806844266806,0.594171931557332
25,1,25,RL_adaptive_drift,0.3972408683966227,0.6027591316033774
25,1,50,RL_adaptive_drift,0.40100306702645727,0.5989969329735427
25,1,100,RL_adaptive_drift,0.39615299816744315,0.6038470018325568
25,1,250,RL_adaptive_drift,0.4251349946968128,0.5748650053031872
25,1,500,RL_adaptive_drift,0.39611644571892807,0.6038835542810719
25,2,10,RL_adaptive_drift,0.4002885600385131,0.5997114399614869
25,2,25,RL_adaptive_drift,0.40545104883355804,0.5945489511664419
25,2,50,RL_adaptive_drift,0.40145937764600725,0.5985406223539927
25,2,100,RL_adaptive_drift,0.3957233312901816,0.6042766687098184
25,2,250,RL_adaptive_drift,0.3920487910689974,0.6079512089310026
25,2,500,RL_adaptive_drift,0.46139507745155667,0.5386049225484433
25,3,10,RL_adaptive_drift,0.4072311565112732,0.5927688434887268
25,3,25,RL_adaptive_drift,0.4100848036334514,0.5899151963665485
25,3,50,RL_adaptive_drift,0.39795818892142154,0.6020418110785785
25,3,100,RL_adaptive_drift,0.4143797150569216,0.5856202849430784
25,3,250,RL_adaptive_drift,0.38760959213145685,0.6123904078685432
25,3,500,RL_adaptive_drift,0.3740549754571857,0.6259450245428143
25,4,10,RL_adaptive_drift,0.40931642431521315,0.5906835756847868
25,4,25,RL_adaptive_drift,0.4011797935248401,0.5988202064751599
25,4,50,RL_adaptive_drift,0.41194089580819077,0.5880591041918093
25,4,100,RL_adaptive_drift,0.4126128112880249,0.587387188711975
25,4,250,RL_adaptive_drift,0.38218203076058416,0.6178179692394159
25,4,500,RL_adaptive_drift,0.38953983398837194,0.610460166011628
26,0,10,RL_adaptive_drift,0.5397713904976889,0.46022860950231115
26,0,25,RL_adaptive_drift,0.5391972066020404,0.4608027933979596
26,0,50,RL_adaptive_drift,0.5415351792635003,0.45846482073649975
26,0,100,RL_adaptive_drift,0.5388301824681501,0.46116981753184993
26,0,250,RL_adaptive_drift,0.5513319053631877,0.44866809463681234
26,0,500,RL_adaptive_drift,0.47261783752760345,0.5273821624723966
26,1,10,RL_adaptive_drift,0.5331957228379691,0.4668042771620309
26,1,25,RL_adaptive_drift,0.5343905273851953,0.4656094726148047
26,1,50,RL_adaptive_drift,0.5599452042197905,0.44005479578020945
26,1,100,RL_adaptive_drift,0.5339760255449844,0.46602397445501564
26,1,250,RL_adaptive_drift,0.5352711863727961,0.46472881362720386
26,1,500,RL_adaptive_drift,0.5356435593503666,0.46435644064963344
26,2,10,RL_adaptive_drift,0.5401036186312973,0.4598963813687027
26,2,25,RL_adaptive_drift,0.5423833262068751,0.4576166737931249
26,2,50,RL_adaptive_drift,0.5379703057775391,0.4620296942224609
26,2,100,RL_adaptive_drift,0.5370147461063719,0.4629852538936281
26,2,250,RL_adaptive_drift,0.5484565842320364,0.45154341576796364
26,2,500,RL_adaptive_drift,0.5099267067034032,0.49007329329659677
26,3,10,RL_adaptive_drift,0.5376510147173471,0.4623489852826529
26,3,25,RL_adaptive_drift,0.5400411690985887,0.4599588309014113
26,3,50,RL_adaptive_drift,0.5339725406615062,0.46602745933849377
26,3,100,RL_adaptive_drift,0.5442033964579106,0.4557966035420894
26,3,250,RL_adaptive_drift,0.5526509281731027,0.4473490718268973
26,3,500,RL_adaptive_drift,0.546834574119555,0.45316542588044495
26,4,10,RL_adaptive_drift,0.5402928473245509,0.45970715267544915
26,4,25,RL_adaptive_drift,0.5501008772588831,0.4498991227411169
26,4,50,RL_adaptive_drift,0.5362653302826942,0.4637346697173058
26,4,100,RL_adaptive_drift,0.528093939162526,0.471906060837474
26,4,250,RL_adaptive_drift,0.5492995009594164,0.4507004990405836
26,4,500,RL_adaptive_drift,0.5507274584960784,0.4492725415039216
27,0,10,RL_adaptive_drift,0.1829708780879085,0.8170291219120915
27,0,25,RL_adaptive_drift,0.1756849120860437,0.8243150879139562
27,0,50,RL_adaptive_drift,0.19163900592071273,0.8083609940792873
27,0,100,RL_adaptive_drift,0.17936600751379547,0.8206339924862045
27,0,250,RL_adaptive_drift,0.18493412717158017,0.8150658728284198
27,0,500,RL_adaptive_drift,0.18115708691018592,0.818842913089814
27,1,10,RL_adaptive_drift,0.18062511873517034,0.8193748812648296
27,1,25,RL_adaptive_drift,0.17128329069110562,0.8287167093088944
27,1,50,RL_adaptive_drift,0.181720487128116,0.818279512871884
27,1,100,RL_adaptive_drift,0.1729662844602629,0.8270337155397371
27,1,250,RL_adaptive_drift,0.20154682681482797,0.7984531731851721
27,1,500,RL_adaptive_drift,0.18730572432527154,0.8126942756747284
27,2,10,RL_adaptive_drift,0.1763908809729102,0.8236091190270898
27,2,25,RL_adaptive_drift,0.17844952401576605,0.8215504759842339
27,2,50,RL_adaptive_drift,0.17954371370644673,0.8204562862935533
27,2,100,RL_adaptive_drift,0.17635533863928748,0.8236446613607125
27,2,250,RL_adaptive_drift,0.16843529751118988,0.8315647024888101
27,2,500,RL_adaptive_drift,0.17725649509559877,0.8227435049044012
27,3,10,RL_adaptive_drift,0.18090576344207818,0.8190942365579218
27,3,25,RL_adaptive_drift,0.18130691121769524,0.8186930887823047
27,3,50,RL_adaptive_drift,0.18752875076166936,0.8124712492383306
27,3,100,RL_adaptive_drift,0.18157262086377163,0.8184273791362284
27,3,250,RL_adaptive_drift,0.18015862028562324,0.8198413797143768
27,3,500,RL_adaptive_drift,0.16747393716604073,0.8325260628339592
27,4,10,RL_adaptive_drift,0.18223751312350997,0.81776248687649
27,4,25,RL_adaptive_drift,0.1777218405404676,0.8222781594595324
27,4,50,RL_adaptive_drift,0.17679956661754007,0.82320043338246
27,4,100,RL_adaptive_drift,0.17260612516302734,0.8273938748369727
27,4,250,RL_adaptive_drift,0.1839110729232419,0.8160889270767581
27,4,500,RL_adaptive_drift,0.17946340112233639,0.8205365988776636
28,0,10,RL_adaptive_drift,0.672831260739402,0.327168739260598
28,0,25,RL_adaptive_drift,0.6696249237074123,0.33037507629258767
28,0,50,RL_adaptive_drift,0.6703924916844443,0.32960750831555574
28,0,100,RL_adaptive_drift,0.6752130912979389,0.32478690870206106
28,0,250,RL_adaptive_drift,0.6819493426567649,0.3180506573432351
28,0,500,RL_adaptive_drift,0.6746386049127663,0.3253613950872337
28,1,10,RL_adaptive_drift,0.6689299591918488,0.33107004080815117
28,1,25,RL_adaptive_drift,0.6694526897248874,0.33054731027511264
28,1,50,RL_adaptive_drift,0.6793920591000625,0.3206079408999375
28,1,100,RL_adaptive_drift,0.6767498398861628,0.3232501601138372
28,1,250,RL_adaptive_drift,0.6943192884545014,0.3056807115454986
28,1,500,RL_adaptive_drift,0.6804725025461777,0.31952749745382225
28,2,10,RL_adaptive_drift,0.6754039368252018,0.32459606317479817
28,2,25,RL_adaptive_drift,0.6839144997561732,0.31608550024382676
28,2,50,RL_adaptive_drift,0.6737854681532177,0.3262145318467823
28,2,100,RL_adaptive_drift,0.683447115575217,0.316552884424783
28,2,250,RL_adaptive_drift,0.6970815257215752,0.3029184742784248
28,2,500,RL_adaptive_drift,0.7114375915380552,0.2885624084619448
28,3,10,RL_adaptive_drift,0.6687362615905482,0.3312637384094518
28,3,25,RL_adaptive_drift,0.6758144779306985,0.3241855220693015
28,3,50,RL_adaptive_drift,0.6864463757682245,0.31355362423177546
28,3,100,RL_adaptive_drift,0.7020858999487689,0.2979141000512311
28,3,250,RL_adaptive_drift,0.6822039499591371,0.31779605004086287
28,3,500,RL_adaptive_drift,0.6610274941589558,0.3389725058410442
28,4,10,RL_adaptive_drift,0.6731463572264498,0.3268536427735502
28,4,25,RL_adaptive_drift,0.6709109161783013,0.32908908382169866
28,4,50,RL_adaptive_drift,0.6748951604771407,0.3251048395228593
28,4,100,RL_adaptive_drift,0.6767386532737688,0.3232613467262312
28,4,250,RL_adaptive_drift,0.6717042314095663,0.32829576859043375
28,4,500,RL_adaptive_drift,0.6801704619352658,0.31982953806473424
29,0,10,RL_adaptive_drift,0.5319718981208102,0.46802810187918975
29,0,25,RL_adaptive_drift,0.5275913600535502,0.47240863994644977
29,0,50,RL_adaptive_drift,0.5210774682829463,0.4789225317170537
29,0,100,RL_adaptive_drift,0.5293140509100411,0.47068594908995887
29,0,250,RL_adaptive_drift,0.5387964946267864,0.46120350537321364
29,0,500,RL_adaptive_drift,0.48738314409845684,0.5126168559015432
29,1,10,RL_adaptive_drift,0.5276948755336356,0.4723051244663644
29,1,25,RL_adaptive_drift,0.5278447958819102,0.47215520411808976
29,1,50,RL_adaptive_drift,0.52284302649226,0.47715697350774
29,1,100,RL_adaptive_drift,0.5361272894353796,0.4638727105646204
29,1,250,RL_adaptive_drift,0.5449413364436931,0.45505866355630686
29,1,500,RL_adaptive_drift,0.5459873529182999,0.4540126470817001
29,2,10,RL_adaptive_drift,0.5280937853854062,0.4719062146145938
29,2,25,RL_adaptive_drift,0.5298301974562354,0.4701698025437646
29,2,50,RL_adaptive_drift,0.5282937103575647,0.47170628964243533
29,2,100,RL_adaptive_drift,0.5269935643256328,0.4730064356743672
29,2,250,RL_adaptive_drift,0.5531727654440314,0.4468272345559686
29,2,500,RL_adaptive_drift,0.5345942958624867,0.46540570413751325
29,3,10,RL_adaptive_drift,0.5306363751956839,0.46936362480431615
29,3,25,RL_adaptive_drift,0.5239716312494137,0.4760283687505863
29,3,50,RL_adaptive_drift,0.536924921433796,0.463075078566204
29,3,100,RL_adaptive_drift,0.5414958435183321,0.45850415648166787
29,3,250,RL_adaptive_drift,0.5265400620765952,0.4734599379234048
29,3,500,RL_adaptive_drift,0.5654926873940952,0.4345073126059048
29,4,10,RL_adaptive_drift,0.5260557252736604,0.4739442747263396
29,4,25,RL_adaptive_drift,0.5321243685433499,0.4678756314566501
29,4,50,RL_adaptive_drift,0.5316027775832035,0.4683972224167965
29,4,100,RL_adaptive_drift,0.5207687982066957,0.47923120179330425
29,4,250,RL_adaptive_drift,0.5485726888362719,0.45142731116372814
29,4,500,RL_adaptive_drift,0.524112594436843,0.475887405563157
30,0,10,RL_adaptive_drift,0.8033939746297306,0.1966060253702694
30,0,25,RL_adaptive_drift,0.8056333416853336,0.19436665831466637
30,0,50,RL_adaptive_drift,0.8046337151754168,0.19536628482458318
30,0,100,RL_adaptive_drift,0.8062687537619403,0.1937312462380597
30,0,250,RL_adaptive_drift,0.8048814878353652,0.19511851216463483
30,0,500,RL_adaptive_drift,0.7691786710288785,0.2308213289711215
30,1,10,RL_adaptive_drift,0.809676756269519,0.19032324373048104
30,1,25,RL_adaptive_drift,0.806171051726003,0.193828948273997
30,1,50,RL_adaptive_drift,0.8035297074221867,0.19647029257781334
30,1,100,RL_adaptive_drift,0.7956471885450783,0.20435281145492168
30,1,250,RL_adaptive_drift,0.801159107014504,0.198840892985496
30,1,500,RL_adaptive_drift,0.8128194000536222,0.1871805999463778
30,2,10,RL_adaptive_drift,0.8047346768666324,0.19526532313336764
30,2,25,RL_adaptive_drift,0.806693172865976,0.19330682713402403
30,2,50,RL_adaptive_drift,0.7959552597915229,0.20404474020847707
30,2,100,RL_adaptive_drift,0.8047285507529052,0.19527144924709483
30,2,250,RL_adaptive_drift,0.7983570500188732,0.20164294998112675
30,2,500,RL_adaptive_drift,0.7872393830893667,0.2127606169106333
30,3,10,RL_adaptive_drift,0.8058824026314061,0.1941175973685939
30,3,25,RL_adaptive_drift,0.8067492804917484,0.19325071950825157
30,3,50,RL_adaptive_drift,0.8094759482902419,0.19052405170975806
30,3,100,RL_adaptive_drift,0.8133707946442236,0.18662920535577643
30,3,250,RL_adaptive_drift,0.8381747157593741,0.16182528424062592
30,3,500,RL_adaptive_drift,0.8235403327380647,0.1764596672619353
30,4,10,RL_adaptive_drift,0.8097512452301835,0.1902487547698165
30,4,25,RL_adaptive_drift,0.8112615471454173,0.18873845285458268
30,4,50,RL_adaptive_drift,0.8178509089870115,0.18214909101298848
30,4,100,RL_adaptive_drift,0.7980873292591197,0.20191267074088026
30,4,250,RL_adaptive_drift,0.8067250792071428,0.19327492079285724
30,4,500,RL_adaptive_drift,0.7434358258672633,0.2565641741327367
31,0,10,RL_adaptive_drift,0.201928897931366,0.798071102068634
31,0,25,RL_adaptive_drift,0.20090662343250693,0.799093376567493
31,0,50,RL_adaptive_drift,0.20993494963888934,0.7900650503611106
31,0,100,RL_adaptive_drift,0.20451587223118237,0.7954841277688176
31,0,250,RL_adaptive_drift,0.22134696756962574,0.7786530324303742
31,0,500,RL_adaptive_drift,0.2247593220473599,0.7752406779526401
31,1,10,RL_adaptive_drift,0.19534595753233253,0.8046540424676675
31,1,25,RL_adaptive_drift,0.21172627961055723,0.7882737203894428
31,1,50,RL_adaptive_drift,0.20753762266913897,0.792462377330861
31,1,100,RL_adaptive_drift,0.19384382181404314,0.8061561781859569
31,1,250,RL_adaptive_drift,0.21107662151638867,0.7889233784836114
31,1,500,RL_adaptive_drift,0.1907343314627422,0.8092656685372578
31,2,10,RL_adaptive_drift,0.2013980111043419,0.7986019888956581
31,2,25,RL_adaptive_drift,0.19771745026626594,0.802282549733734
31,2,50,RL_adaptive_drift,0.1982871704274774,0.8017128295725227
31,2,100,RL_adaptive_drift,0.20814064711530308,0.7918593528846969
31,2,250,RL_adaptive_drift,0.19408707402346007,0.80591292597654
31,2,500,RL_adaptive_drift,0.17966468845529465,0.8203353115447054
31,3,10,RL_adaptive_drift,0.19716789564262222,0.8028321043573778
31,3,25,RL_adaptive_drift,0.19779829839432156,0.8022017016056784
31,3,50,RL_adaptive_drift,0.19866915687638592,0.8013308431236141
31,3,100,RL_adaptive_drift,0.1908831746278503,0.8091168253721497
31,3,250,RL_adaptive_drift,0.18180133303355858,0.8181986669664414
31,3,500,RL_adaptive_drift,0.23618577736478957,0.7638142226352105
31,4,10,RL_adaptive_drift,0.20015640345563443,0.7998435965443655
31,4,25,RL_adaptive_drift,0.20329919523757412,0.7967008047624259
31,4,50,RL_adaptive_drift,0.20340332081684243,0.7965966791831576
31,4,100,RL_adaptive_drift,0.21118091077761936,0.7888190892223806
31,4,250,RL_adaptive_drift,0.1890393162413641,0.8109606837586358
31,4,500,RL_adaptive_drift,0.19412928372025995,0.80587071627974
32,0,10,RL_adaptive_drift,0.09282046177571243,0.9071795382242875
32,0,25,RL_adaptive_drift,0.08572760247995305,0.914272397520047
32,0,50,RL_adaptive_drift,0.08765587389144058,0.9123441261085594
32,0,100,RL_adaptive_drift,0.10399596989364267,0.8960040301063573
32,0,250,RL_adaptive_drift,0.08185070872741274,0.9181492912725873
32,0,500,RL_adaptive_drift,0.09213112806788434,0.9078688719321156
32,1,10,RL_adaptive_drift,0.09783958880741273,0.9021604111925873
32,1,25,RL_adaptive_drift,0.41551123473459356,0.5844887652654065
32,1,50,RL_adaptive_drift,0.09815258627017144,0.9018474137298286
32,1,100,RL_adaptive_drift,0.10208498276255348,0.8979150172374465
32,1,250,RL_adaptive_drift,0.09226768265626592,0.907732317343734
32,1,500,RL_adaptive_drift,0.09965192245244861,0.9003480775475514
32,2,10,RL_adaptive_drift,0.09954705168829031,0.9004529483117096
32,2,25,RL_adaptive_drift,0.09142849616292772,0.9085715038370723
32,2,50,RL_adaptive_drift,0.09428576186273623,0.9057142381372638
32,2,100,RL_adaptive_drift,0.0964584993526711,0.9035415006473289
32,2,250,RL_adaptive_drift,0.09971803366126215,0.9002819663387378
32,2,500,RL_adaptive_drift,0.10923890421768255,0.8907610957823174
32,3,10,RL_adaptive_drift,0.09344175961407243,0.9065582403859276
32,3,25,RL_adaptive_drift,0.09330157530622107,0.9066984246937789
32,3,50,RL_adaptive_drift,0.10370656768220514,0.8962934323177949
32,3,100,RL_adaptive_drift,0.10446296565940438,0.8955370343405956
32,3,250,RL_adaptive_drift,0.08742458069664409,0.912575419303356
32,3,500,RL_adaptive_drift,0.12248545215623786,0.8775145478437621
32,4,10,RL_adaptive_drift,0.09556190746635825,0.9044380925336417
32,4,25,RL_adaptive_drift,0.09381676948267705,0.906183230517323
32,4,50,RL_adaptive_drift,0.10086917215691171,0.8991308278430883
32,4,100,RL_adaptive_drift,0.09420642167631214,0.9057935783236879
32,4,250,RL_adaptive_drift,0.07360738989237955,0.9263926101076204
32,4,500,RL_adaptive_drift,0.07769868573159532,0.9223013142684047
33,0,10,RL_adaptive_drift,0.004959710853158045,0.995040289146842
33,0,25,RL_adaptive_drift,0.050872235813397615,0.9491277641866024
33,0,50,RL_adaptive_drift,0.04777190700169595,0.952228092998304
33,0,100,RL_adaptive_drift,0.04751251587405441,0.9524874841259456
33,0,250,RL_adaptive_drift,0.05243591808464682,0.9475640819153531
33,0,500,RL_adaptive_drift,0.06026498173570014,0.9397350182642998
33,1,10,RL_adaptive_drift,0.004563301332407212,0.9954366986675928
33,1,25,RL_adaptive_drift,0.0467761581854285,0.9532238418145715
33,1,50,RL_adaptive_drift,0.042878654312060685,0.9571213456879393
33,1,100,RL_adaptive_drift,0.05109939744123402,0.948900602558766
33,1,250,RL_adaptive_drift,0.0539705946944093,0.9460294053055907
33,1,500,RL_adaptive_drift,0.055639711023906864,0.9443602889760931
33,2,10,RL_adaptive_drift,0.1577147515806017,0.8422852484193983
33,2,25,RL_adaptive_drift,0.04692283366193836,0.9530771663380616
33,2,50,RL_adaptive_drift,0.05259335334820115,0.9474066466517989
33,2,100,RL_adaptive_drift,0.04555695537614811,0.9544430446238519
33,2,250,RL_adaptive_drift,0.04107438306022599,0.958925616939774
33,2,500,RL_adaptive_drift,0.048858812139562335,0.9511411878604377
33,3,10,RL_adaptive_drift,0.004480098888132174,0.9955199011118678
33,3,25,RL_adaptive_drift,0.04982145589631686,0.9501785441036832
33,3,50,RL_adaptive_drift,0.05512433893731486,0.9448756610626852
33,3,100,RL_adaptive_drift,0.053900828203764524,0.9460991717962355
33,3,250,RL_adaptive_drift,0.05493245679603152,0.9450675432039685
33,3,500,RL_adaptive_drift,0.05783188043819366,0.9421681195618063
33,4,10,RL_adaptive_drift,0.05125157473294637,0.9487484252670536
33,4,25,RL_adaptive_drift,0.050687157858032114,0.9493128421419679
33,4,50,RL_adaptive_drift,0.04950608137372694,0.9504939186262731
33,4,100,RL_adaptive_drift,0.047429145376285405,0.9525708546237146
33,4,250,RL_adaptive_drift,0.04249314161137994,0.95750685838862
33,4,500,RL_adaptive_drift,0.0509040120587482,0.9490959879412518
34,0,10,RL_adaptive_drift,0.6469316061861325,0.35306839381386745
34,0,25,RL_adaptive_drift,0.6537401453176864,0.3462598546823136
34,0,50,RL_adaptive_drift,0.6515210003885805,0.3484789996114195
34,0,100,RL_adaptive_drift,0.649510964043735,0.350489035956265
34,0,250,RL_adaptive_drift,0.6556222253474757,0.3443777746525243
34,0,500,RL_adaptive_drift,0.6702001815517421,0.3297998184482579
34,1,10,RL_adaptive_drift,0.6458172586657567,0.3541827413342433
34,1,25,RL_adaptive_drift,0.6496207697239591,0.3503792302760409
34,1,50,RL_adaptive_drift,0.6511110632665649,0.34888893673343513
34,1,100,RL_adaptive_drift,0.6434287006663074,0.3565712993336926
34,1,250,RL_adaptive_drift,0.6351773593651442,0.3648226406348558
34,1,500,RL_adaptive_drift,0.641895272476344,0.35810472752365596
34,2,10,RL_adaptive_drift,0.6467491509192863,0.3532508490807137
34,2,25,RL_adaptive_drift,0.6518123419836881,0.3481876580163119
34,2,50,RL_adaptive_drift,0.640677506510809,0.359322493489191
34,2,100,RL_adaptive_drift,0.6295351524113172,0.3704648475886828
34,2,250,RL_adaptive_drift,0.6554491258166824,0.34455087418331765
34,2,500,RL_adaptive_drift,0.6546181209873412,0.3453818790126588
34,3,10,RL_adaptive_drift,0.6472467477969833,0.3527532522030167
34,3,25,RL_adaptive_drift,0.6488778191510401,0.35112218084895985
34,3,50,RL_adaptive_drift,0.6462941692481533,0.3537058307518467
34,3,100,RL_adaptive_drift,0.6518762731832427,0.3481237268167573
34,3,250,RL_adaptive_drift,0.6294429462035638,0.3705570537964362
34,3,500,RL_adaptive_drift,0.6050301405696912,0.3949698594303088
34,4,10,RL_adaptive_drift,0.6480538087781877,0.35194619122181225
34,4,25,RL_adaptive_drift,0.6488292689689841,0.3511707310310159
34,4,50,RL_adaptive_drift,0.6483013379514054,0.35169866204859457
34,4,100,RL_adaptive_drift,0.6393190166511946,0.3606809833488054
34,4,250,RL_adaptive_drift,0.6461461995234881,0.35385380047651194
34,4,500,RL_adaptive_drift,0.6599392307736216,0.3400607692263784
35,0,10,RL_adaptive_drift,0.3947341611762063,0.6052658388237937
35,0,25,RL_adaptive_drift,0.40113000514814995,0.5988699948518501
35,0,50,RL_adaptive_drift,0.4105277909584988,0.5894722090415012
35,0,100,RL_adaptive_drift,0.3805111472972639,0.6194888527027361
35,0,250,RL_adaptive_drift,0.3915544294074644,0.6084455705925356
35,0,500,RL_adaptive_drift,0.3921413209528979,0.6078586790471021
35,1,10,RL_adaptive_drift,0.39946089717970773,0.6005391028202922
35,1,25,RL_adaptive_drift,0.3892015315564124,0.6107984684435876
35,1,50,RL_adaptive_drift,0.3904903007654967,0.6095096992345033
35,1,100,RL_adaptive_drift,0.3978112663254779,0.6021887336745221
35,1,250,RL_adaptive_drift,0.41637331936933963,0.5836266806306604
35,1,500,RL_adaptive_drift,0.4052819768831735,0.5947180231168265
35,2,10,RL_adaptive_drift,0.38935953744646234,0.6106404625535377
35,2,25,RL_adaptive_drift,0.38756161702184705,0.612438382978153
35,2,50,RL_adaptive_drift,0.39416406399848086,0.6058359360015191
35,2,100,RL_adaptive_drift,0.40690460171705034,0.5930953982829497
35,2,250,RL_adaptive_drift,0.39330797687309393,0.6066920231269061
35,2,500,RL_adaptive_drift,0.38855789576004474,0.6114421042399553
35,3,10,RL_adaptive_drift,0.39405799181918,0.60594200818082
35,3,25,RL_adaptive_drift,0.3970797972293459,0.6029202027706542
35,3,50,RL_adaptive_drift,0.4193898538362714,0.5806101461637285
35,3,100,RL_adaptive_drift,0.40412351115436995,0.59587648884563
35,3,250,RL_adaptive_drift,0.41465620596665553,0.5853437940333445
35,3,500,RL_adaptive_drift,0.46590319027894406,0.5340968097210559
35,4,10,RL_adaptive_drift,0.39134915562084127,0.6086508443791587
35,4,25,RL_adaptive_drift,0.3871024286647523,0.6128975713352477
35,4,50,RL_adaptive_drift,0.3827961607465732,0.6172038392534268
35,4,100,RL_adaptive_drift,0.39351452953384525,0.6064854704661548
35,4,250,RL_adaptive_drift,0.40506176142544503,0.594938238574555
35,4,500,RL_adaptive_drift,0.4736953769266921,0.5263046230733079
36,0,10,RL_adaptive_drift,0.31316937889034846,0.6868306211096515
36,0,25,RL_adaptive_drift,0.30975918754160037,0.6902408124583996
36,0,50,RL_adaptive_drift,0.31011036270591563,0.6898896372940844
36,0,100,RL_adaptive_drift,0.29914282512541635,0.7008571748745837
36,0,250,RL_adaptive_drift,0.30121248362863345,0.6987875163713666
36,0,500,RL_adaptive_drift,0.30941638110748754,0.6905836188925125
36,1,10,RL_adaptive_drift,0.31458893326209353,0.6854110667379065
36,1,25,RL_adaptive_drift,0.10031571860714956,0.8996842813928504
36,1,50,RL_adaptive_drift,0.31417385791385694,0.6858261420861431
36,1,100,RL_adaptive_drift,0.3209664135521134,0.6790335864478866
36,1,250,RL_adaptive_drift,0.32095195612825406,0.6790480438717459
36,1,500,RL_adaptive_drift,0.2961098876695433,0.7038901123304566
36,2,10,RL_adaptive_drift,0.3175959233762727,0.6824040766237274
36,2,25,RL_adaptive_drift,0.3087384343156734,0.6912615656843266
36,2,50,RL_adaptive_drift,0.31968527421385246,0.6803147257861475
36,2,100,RL_adaptive_drift,0.3059773137708028,0.6940226862291972
36,2,250,RL_adaptive_drift,0.3060458785889986,0.6939541214110014
36,2,500,RL_adaptive_drift,0.3073371676659483,0.6926628323340517
36,3,10,RL_adaptive_drift,0.3164508871513107,0.6835491128486892
36,3,25,RL_adaptive_drift,0.10256455770659967,0.8974354422934003
36,3,50,RL_adaptive_drift,0.31836998771606434,0.6816300122839356
36,3,100,RL_adaptive_drift,0.31749461455138744,0.6825053854486125
36,3,250,RL_adaptive_drift,0.3299844663609982,0.6700155336390018
36,3,500,RL_adaptive_drift,0.3082075911524143,0.6917924088475857
36,4,10,RL_adaptive_drift,0.31457881081918765,0.6854211891808124
36,4,25,RL_adaptive_drift,0.023087267713870315,0.9769127322861297
36,4,50,RL_adaptive_drift,0.3022967733856842,0.6977032266143157
36,4,100,RL_adaptive_drift,0.30298499218669295,0.697015007813307
36,4,250,RL_adaptive_drift,0.314242127145135,0.685757872854865
36,4,500,RL_adaptive_drift,0.3041857942200368,0.6958142057799632
37,0,10,RL_adaptive_drift,0.6375433361536247,0.3624566638463753
37,0,25,RL_adaptive_drift,0.6365148220509876,0.36348517794901236
37,0,50,RL_adaptive_drift,0.6372581152880172,0.36274188471198276
37,0,100,RL_adaptive_drift,0.6411178867393733,0.3588821132606267
37,0,250,RL_adaptive_drift,0.6397854993982157,0.3602145006017843
37,0,500,RL_adaptive_drift,0.6225493107529116,0.37745068924708836
37,1,10,RL_adaptive_drift,0.6363865267218312,0.36361347327816884
37,1,25,RL_adaptive_drift,0.6373681568847109,0.36263184311528907
37,1,50,RL_adaptive_drift,0.6387551875791954,0.36124481242080464
37,1,100,RL_adaptive_drift,0.640342949853166,0.359657050146834
37,1,250,RL_adaptive_drift,0.6314904621490609,0.3685095378509391
37,1,500,RL_adaptive_drift,0.6360296115137976,0.36397038848620245
37,2,10,RL_adaptive_drift,0.6364207300417641,0.36357926995823586
37,2,25,RL_adaptive_drift,0.6363477232487097,0.3636522767512903
37,2,50,RL_adaptive_drift,0.6371362303854434,0.3628637696145566
37,2,100,RL_adaptive_drift,0.6418359791991894,0.35816402080081056
37,2,250,RL_adaptive_drift,0.6282024448947698,0.37179755510523016
37,2,500,RL_adaptive_drift,0.6311629159989736,0.36883708400102644
37,3,10,RL_adaptive_drift,0.6375789972856071,0.3624210027143929
37,3,25,RL_adaptive_drift,0.6374876572526006,0.3625123427473994
37,3,50,RL_adaptive_drift,0.6391833650225688,0.3608166349774312
37,3,100,RL_adaptive_drift,0.6375952058455157,0.36240479415448434
37,3,250,RL_adaptive_drift,0.6307408143596729,0.3692591856403271
37,3,500,RL_adaptive_drift,0.622889122471204,0.377110877528796
37,4,10,RL_adaptive_drift,0.6361134259879248,0.36388657401207525
37,4,25,RL_adaptive_drift,0.6360941868358008,0.36390581316419923
37,4,50,RL_adaptive_drift,0.6372748226131826,0.3627251773868174
37,4,100,RL_adaptive_drift,0.6290936445945232,0.3709063554054768
37,4,250,RL_adaptive_drift,0.6397795300007834,0.36022046999921664
37,4,500,RL_adaptive_drift,0.6517529781091487,0.3482470218908513
38,0,10,RL_adaptive_drift,0.21111754654748327,0.7888824534525167
38,0,25,RL_adaptive_drift,0.2139134255029589,0.7860865744970411
38,0,50,RL_adaptive_drift,0.20208287092273847,0.7979171290772615
38,0,100,RL_adaptive_drift,0.20670469342920808,0.793295306570792
38,0,250,RL_adaptive_drift,0.19672324450632045,0.8032767554936795
38,0,500,RL_adaptive_drift,0.21547825029706358,0.7845217497029364
38,1,10,RL_adaptive_drift,0.21144885044504472,0.7885511495549553
38,1,25,RL_adaptive_drift,0.20913172122939655,0.7908682787706034
38,1,50,RL_adaptive_drift,0.20372087495041094,0.7962791250495891
38,1,100,RL_adaptive_drift,0.2162569395347549,0.7837430604652451
38,1,250,RL_adaptive_drift,0.24340044452333176,0.7565995554766682
38,1,500,RL_adaptive_drift,0.22779262770453693,0.7722073722954631
38,2,10,RL_adaptive_drift,0.07105202519589683,0.9289479748041032
38,2,25,RL_adaptive_drift,0.2061058297935893,0.7938941702064107
38,2,50,RL_adaptive_drift,0.20565994009355215,0.7943400599064478
38,2,100,RL_adaptive_drift,0.20706805263967576,0.7929319473603242
38,2,250,RL_adaptive_drift,0.2110436178063272,0.7889563821936728
38,2,500,RL_adaptive_drift,0.1803820932184259,0.8196179067815741
38,3,10,RL_adaptive_drift,0.2140210350392638,0.7859789649607362
38,3,25,RL_adaptive_drift,0.2149491871367001,0.7850508128632999
38,3,50,RL_adaptive_drift,0.22688753843702777,0.7731124615629722
38,3,100,RL_adaptive_drift,0.21707820552116175,0.7829217944788383
38,3,250,RL_adaptive_drift,0.21710678769060435,0.7828932123093957
38,3,500,RL_adaptive_drift,0.23587219797493184,0.7641278020250681
38,4,10,RL_adaptive_drift,0.21020738930459518,0.7897926106954049
38,4,25,RL_adaptive_drift,0.209956442238418,0.790043557761582
38,4,50,RL_adaptive_drift,0.21254743092383604,0.787452569076164
38,4,100,RL_adaptive_drift,0.2064430443586037,0.7935569556413963
38,4,250,RL_adaptive_drift,0.21563014255429533,0.7843698574457046
38,4,500,RL_adaptive_drift,0.20168294427000866,0.7983170557299913
39,0,10,RL_adaptive_drift,0.08715689914040083,0.9128431008595992
39,0,25,RL_adaptive_drift,0.08981228870534096,0.910187711294659
39,0,50,RL_adaptive_drift,0.07934253612988361,0.9206574638701164
39,0,100,RL_adaptive_drift,0.08696859183502435,0.9130314081649756
39,0,250,RL_adaptive_drift,0.09805157154760215,0.9019484284523979
39,0,500,RL_adaptive_drift,0.0813455945052366,0.9186544054947634
39,1,10,RL_adaptive_drift,0.08592750132662016,0.9140724986733798
39,1,25,RL_adaptive_drift,0.08013376659840273,0.9198662334015972
39,1,50,RL_adaptive_drift,0.09103954896552413,0.9089604510344759
39,1,100,RL_adaptive_drift,0.089109014884984,0.910890985115016
39,1,250,RL_adaptive_drift,0.08846184255569373,0.9115381574443062
39,1,500,RL_adaptive_drift,0.09010087007831466,0.9098991299216853
39,2,10,RL_adaptive_drift,0.08724729476421836,0.9127527052357817
39,2,25,RL_adaptive_drift,0.08439729064844488,0.9156027093515551
39,2,50,RL_adaptive_drift,0.08980353877427494,0.9101964612257251
39,2,100,RL_adaptive_drift,0.0826270788822865,0.9173729211177135
39,2,250,RL_adaptive_drift,0.07630986012153732,0.9236901398784627
39,2,500,RL_adaptive_drift,0.07190704765226857,0.9280929523477315
39,3,10,RL_adaptive_drift,0.08691235186009529,0.9130876481399047
39,3,25,RL_adaptive_drift,0.08314213452723712,0.9168578654727628
39,3,50,RL_adaptive_drift,0.0833907606572457,0.9166092393427543
39,3,100,RL_adaptive_drift,0.07577681340880792,0.9242231865911921
39,3,250,RL_adaptive_drift,0.07084903086146076,0.9291509691385392
39,3,500,RL_adaptive_drift,0.0901252858219253,0.9098747141780748
39,4,10,RL_adaptive_drift,0.08790775446536735,0.9120922455346326
39,4,25,RL_adaptive_drift,0.08907186993497994,0.91092813006502
39,4,50,RL_adaptive_drift,0.09048060742849973,0.9095193925715003
39,4,100,RL_adaptive_drift,0.08283817271947973,0.9171618272805203
39,4,250,RL_adaptive_drift,0.0839387083721332,0.9160612916278668
39,4,500,RL_adaptive_drift,0.08610185135695471,0.9138981486430453
40,0,10,RL_adaptive_drift,0.7892639655263985,0.21073603447360145
40,0,25,RL_adaptive_drift,0.7868647450516835,0.21313525494831653
40,0,50,RL_adaptive_drift,0.788873130221513,0.21112686977848705
40,0,100,RL_adaptive_drift,0.7911559407618362,0.20884405923816385
40,0,250,RL_adaptive_drift,0.7769643159089455,0.22303568409105445
40,0,500,RL_adaptive_drift,0.8021570616354752,0.19784293836452482
40,1,10,RL_adaptive_drift,0.7895756632724731,0.21042433672752692
40,1,25,RL_adaptive_drift,0.7885540813799409,0.21144591862005913
40,1,50,RL_adaptive_drift,0.7929554407092948,0.2070445592907052
40,1,100,RL_adaptive_drift,0.791010403466582,0.20898959653341798
40,1,250,RL_adaptive_drift,0.8060514777940364,0.1939485222059636
40,1,500,RL_adaptive_drift,0.788534773317238,0.21146522668276202
40,2,10,RL_adaptive_drift,0.7886680213867489,0.21133197861325115
40,2,25,RL_adaptive_drift,0.7856964846226607,0.21430351537733927
40,2,50,RL_adaptive_drift,0.7894752323041898,0.2105247676958102
40,2,100,RL_adaptive_drift,0.7838042610070792,0.21619573899292077
40,2,250,RL_adaptive_drift,0.7821510653409791,0.2178489346590209
40,2,500,RL_adaptive_drift,0.7816938619914544,0.2183061380085456
40,3,10,RL_adaptive_drift,0.7905086949161618,0.20949130508383818
40,3,25,RL_adaptive_drift,0.7887584468963524,0.21124155310364756
40,3,50,RL_adaptive_drift,0.7940600442298883,0.2059399557701117
40,3,100,RL_adaptive_drift,0.7857231328628672,0.2142768671371328
40,3,250,RL_adaptive_drift,0.7892536071670716,0.2107463928329284
40,3,500,RL_adaptive_drift,0.7812058401113731,0.21879415988862694
40,4,10,RL_adaptive_drift,0.7886331281501863,0.21136687184981373
40,4,25,RL_adaptive_drift,0.7822051494946001,0.21779485050539993
40,4,50,RL_adaptive_drift,0.7871953864141903,0.2128046135858097
40,4,100,RL_adaptive_drift,0.7871131316256142,0.21288686837438575
40,4,250,RL_adaptive_drift,0.7971710374661817,0.20282896253381832
40,4,500,RL_adaptive_drift,0.8069590286692271,0.19304097133077291
41,0,10,RL_adaptive_drift,0.4737999972485472,0.5262000027514528
41,0,25,RL_adaptive_drift,0.4692575766465971,0.5307424233534028
41,0,50,RL_adaptive_drift,0.4677574581446301,0.5322425418553699
41,0,100,RL_adaptive_drift,0.47680576309342154,0.5231942369065785
41,0,250,RL_adaptive_drift,0.4924251096603497,0.5075748903396503
41,0,500,RL_adaptive_drift,0.4757638265654355,0.5242361734345645
41,1,10,RL_adaptive_drift,0.4749577459790764,0.5250422540209236
41,1,25,RL_adaptive_drift,0.4711683007358769,0.5288316992641231
41,1,50,RL_adaptive_drift,0.47357173904370614,0.5264282609562938
41,1,100,RL_adaptive_drift,0.47419827942286347,0.5258017205771366
41,1,250,RL_adaptive_drift,0.47499595623806823,0.5250040437619318
41,1,500,RL_adaptive_drift,0.4585595926676604,0.5414404073323396
41,2,10,RL_adaptive_drift,0.47681793775441483,0.5231820622455852
41,2,25,RL_adaptive_drift,0.46351494101471774,0.5364850589852823
41,2,50,RL_adaptive_drift,0.48555093142243894,0.5144490685775611
41,2,100,RL_adaptive_drift,0.4747885147594226,0.5252114852405774
41,2,250,RL_adaptive_drift,0.46510108913340137,0.5348989108665987
41,2,500,RL_adaptive_drift,0.49506937054261235,0.5049306294573876
41,3,10,RL_adaptive_drift,0.47541453418504237,0.5245854658149576
41,3,25,RL_adaptive_drift,0.46873401036669676,0.5312659896333032
41,3,50,RL_adaptive_drift,0.46649210498110316,0.5335078950188968
41,3,100,RL_adaptive_drift,0.4744545381001379,0.5255454618998621
41,3,250,RL_adaptive_drift,0.4720433211606042,0.5279566788393958
41,3,500,RL_adaptive_drift,0.47845551094189315,0.5215444890581069
41,4,10,RL_adaptive_drift,0.47442111643085394,0.5255788835691461
41,4,25,RL_adaptive_drift,0.47147743540293063,0.5285225645970694
41,4,50,RL_adaptive_drift,0.4796656842988209,0.520334315701179
41,4,100,RL_adaptive_drift,0.4719811902088688,0.5280188097911311
41,4,250,RL_adaptive_drift,0.46626425156586726,0.5337357484341327
41,4,500,RL_adaptive_drift,0.45659406170285693,0.543405938297143
42,0,10,RL_adaptive_drift,0.37261890180336443,0.6273810981966356
42,0,25,RL_adaptive_drift,0.3779350155409699,0.62206498445903
42,0,50,RL_adaptive_drift,0.37023369707290643,0.6297663029270936
42,0,100,RL_adaptive_drift,0.37135719822286656,0.6286428017771335
42,0,250,RL_adaptive_drift,0.38429027686264683,0.6157097231373532
42,0,500,RL_adaptive_drift,0.31666657699458833,0.6833334230054117
42,1,10,RL_adaptive_drift,0.37762790719909195,0.622372092800908
42,1,25,RL_adaptive_drift,0.3748872041500989,0.6251127958499011
42,1,50,RL_adaptive_drift,0.38098845981023877,0.6190115401897612
42,1,100,RL_adaptive_drift,0.38805978243269373,0.6119402175673063
42,1,250,RL_adaptive_drift,0.36254079291495234,0.6374592070850477
42,1,500,RL_adaptive_drift,0.3542975449116472,0.6457024550883528
42,2,10,RL_adaptive_drift,0.37416679596059643,0.6258332040394036
42,2,25,RL_adaptive_drift,0.3756346735980887,0.6243653264019113
42,2,50,RL_adaptive_drift,0.3714835431675896,0.6285164568324104
42,2,100,RL_adaptive_drift,0.362848379843168,0.637151620156832
42,2,250,RL_adaptive_drift,0.3903529346345574,0.6096470653654427
42,2,500,RL_adaptive_drift,0.3744595194183181,0.6255404805816819
42,3,10,RL_adaptive_drift,0.37102437862866655,0.6289756213713334
42,3,25,RL_adaptive_drift,0.37719367596375925,0.6228063240362407
42,3,50,RL_adaptive_drift,0.3745703710862371,0.6254296289137629
42,3,100,RL_adaptive_drift,0.37267605732157816,0.6273239426784218
42,3,250,RL_adaptive_drift,0.3473059842970174,0.6526940157029826
42,3,500,RL_adaptive_drift,0.34665702039453294,0.6533429796054671
42,4,10,RL_adaptive_drift,0.36536989973676987,0.6346301002632302
42,4,25,RL_adaptive_drift,0.3640835293447366,0.6359164706552634
42,4,50,RL_adaptive_drift,0.37839224298625396,0.621607757013746
42,4,100,RL_adaptive_drift,0.34007084096483203,0.6599291590351679
42,4,250,RL_adaptive_drift,0.39819377077742624,0.6018062292225738
42,4,500,RL_adaptive_drift,0.32285537860321356,0.6771446213967864
43,0,10,RL_adaptive_drift,0.4373318701649792,0.5626681298350208
43,0,25,RL_adaptive_drift,0.43958708566359433,0.5604129143364056
43,0,50,RL_adaptive_drift,0.4387262879827213,0.5612737120172787
43,0,100,RL_adaptive_drift,0.4422290810827929,0.5577709189172071
43,0,250,RL_adaptive_drift,0.4246069824487135,0.5753930175512865
43,0,500,RL_adaptive_drift,0.4178634039090975,0.5821365960909025
43,1,10,RL_adaptive_drift,0.4293162030349856,0.5706837969650145
43,1,25,RL_adaptive_drift,0.4447773575697902,0.5552226424302098
43,1,50,RL_adaptive_drift,0.4390242453096969,0.5609757546903031
43,1,100,RL_adaptive_drift,0.44506769885126324,0.5549323011487368
43,1,250,RL_adaptive_drift,0.41339406302737314,0.5866059369726269
43,1,500,RL_adaptive_drift,0.39837365860227686,0.6016263413977232
43,2,10,RL_adaptive_drift,0.4303626039183117,0.5696373960816883
43,2,25,RL_adaptive_drift,0.42775133774049806,0.572248662259502
43,2,50,RL_adaptive_drift,0.41514554259782055,0.5848544574021795
43,2,100,RL_adaptive_drift,0.4352679744665116,0.5647320255334884
43,2,250,RL_adaptive_drift,0.41592870183320213,0.5840712981667979
43,2,500,RL_adaptive_drift,0.4474635772400975,0.5525364227599026
43,3,10,RL_adaptive_drift,0.4375028518272979,0.5624971481727021
43,3,25,RL_adaptive_drift,0.4412126217025925,0.5587873782974075
43,3,50,RL_adaptive_drift,0.4380448504510071,0.561955149548993
43,3,100,RL_adaptive_drift,0.42630168456351747,0.5736983154364825
43,3,250,RL_adaptive_drift,0.43520840370677366,0.5647915962932264
43,3,500,RL_adaptive_drift,0.46514942979870627,0.5348505702012938
43,4,10,RL_adaptive_drift,0.43295839077151366,0.5670416092284863
43,4,25,RL_adaptive_drift,0.4269097705946071,0.5730902294053929
43,4,50,RL_adaptive_drift,0.44249876078452116,0.5575012392154788
43,4,100,RL_adaptive_drift,0.43310408326321426,0.5668959167367857
43,4,250,RL_adaptive_drift,0.46474535989919125,0.5352546401008087
43,4,500,RL_adaptive_drift,0.382844575859862,0.617155424140138
44,0,10,RL_adaptive_drift,0.34002460936491813,0.6599753906350818
44,0,25,RL_adaptive_drift,0.3333408485262064,0.6666591514737936
44,0,50,RL_adaptive_drift,0.3466124128221677,0.6533875871778323
44,0,100,RL_adaptive_drift,0.3582896419893156,0.6417103580106844
44,0,250,RL_adaptive_drift,0.40429146864017673,0.5957085313598233
44,0,500,RL_adaptive_drift,0.31269491785952475,0.6873050821404753
44,1,10,RL_adaptive_drift,0.3453785210903394,0.6546214789096606
44,1,25,RL_adaptive_drift,0.3519684988226411,0.648031501177359
44,1,50,RL_adaptive_drift,0.3404875822568504,0.6595124177431496
44,1,100,RL_adaptive_drift,0.31417251650695727,0.6858274834930427
44,1,250,RL_adaptive_drift,0.3556989561203253,0.6443010438796747
44,1,500,RL_adaptive_drift,0.31875934563453023,0.6812406543654698
44,2,10,RL_adaptive_drift,0.3432754936955573,0.6567245063044427
44,2,25,RL_adaptive_drift,0.3432453993594579,0.656754600640542
44,2,50,RL_adaptive_drift,0.3498233496585999,0.6501766503414002
44,2,100,RL_adaptive_drift,0.3608176322199141,0.6391823677800859
44,2,250,RL_adaptive_drift,0.3280395703492643,0.6719604296507358
44,2,500,RL_adaptive_drift,0.35591782421403845,0.6440821757859616
44,3,10,RL_adaptive_drift,0.3446655604165635,0.6553344395834365
44,3,25,RL_adaptive_drift,0.34815531231001107,0.6518446876899889
44,3,50,RL_adaptive_drift,0.3390569824367573,0.6609430175632427
44,3,100,RL_adaptive_drift,0.355878458474586,0.644121541525414
44,3,250,RL_adaptive_drift,0.35041960364494973,0.6495803963550503
44,3,500,RL_adaptive_drift,0.3460266696289039,0.6539733303710962
44,4,10,RL_adaptive_drift,0.34259446145696415,0.6574055385430359
44,4,25,RL_adaptive_drift,0.3271170642389172,0.6728829357610828
44,4,50,RL_adaptive_drift,0.3395256691183097,0.6604743308816903
44,4,100,RL_adaptive_drift,0.3302623830671448,0.6697376169328553
44,4,250,RL_adaptive_drift,0.33081270585349465,0.6691872941465054
44,4,500,RL_adaptive_drift,0.3715218088152342,0.6284781911847658
45,0,10,RL_adaptive_drift,0.050900479338878764,0.9490995206611212
45,0,25,RL_adaptive_drift,0.05366088757802081,0.9463391124219792
45,0,50,RL_adaptive_drift,0.17597682395948222,0.8240231760405178
45,0,100,RL_adaptive_drift,0.045114059540613406,0.9548859404593866
45,0,250,RL_adaptive_drift,0.04491822088981627,0.9550817791101838
45,0,500,RL_adaptive_drift,0.07081412464849625,0.9291858753515038
45,1,10,RL_adaptive_drift,0.6035043257099384,0.3964956742900616
45,1,25,RL_adaptive_drift,0.048220605166124995,0.951779394833875
45,1,50,RL_adaptive_drift,0.5707290368084327,0.4292709631915673
45,1,100,RL_adaptive_drift,0.04853564608821101,0.951464353911789
45,1,250,RL_adaptive_drift,0.04706731464545401,0.952932685354546
45,1,500,RL_adaptive_drift,0.03786419357613172,0.9621358064238683
45,2,10,RL_adaptive_drift,0.18348957393089907,0.816510426069101
45,2,25,RL_adaptive_drift,0.052074377753677424,0.9479256222463226
45,2,50,RL_adaptive_drift,0.0494871110243996,0.9505128889756004
45,2,100,RL_adaptive_drift,0.04658107949509891,0.9534189205049011
45,2,250,RL_adaptive_drift,0.061832193361224815,0.9381678066387752
45,2,500,RL_adaptive_drift,0.058598312317964155,0.9414016876820358
45,3,10,RL_adaptive_drift,0.5992145038614894,0.40078549613851056
45,3,25,RL_adaptive_drift,0.05005338589574614,0.9499466141042539
45,3,50,RL_adaptive_drift,0.048644938653687055,0.951355061346313
45,3,100,RL_adaptive_drift,0.05017093567086826,0.9498290643291317
45,3,250,RL_adaptive_drift,0.05005117712388162,0.9499488228761184
45,3,500,RL_adaptive_drift,0.0494542493836792,0.9505457506163209
45,4,10,RL_adaptive_drift,0.596309785226446,0.40369021477355405
45,4,25,RL_adaptive_drift,0.054627512741393526,0.9453724872586065
45,4,50,RL_adaptive_drift,0.055641930503550645,0.9443580694964494
45,4,100,RL_adaptive_drift,0.055436652139236105,0.9445633478607639
45,4,250,RL_adaptive_drift,0.0517415629074932,0.9482584370925068
45,4,500,RL_adaptive_drift,0.046543740951599556,0.9534562590484005
46,0,10,RL_adaptive_drift,0.5702177771259057,0.4297822228740943
46,0,25,RL_adaptive_drift,0.5703147534812105,0.4296852465187895
46,0,50,RL_adaptive_drift,0.5670549100229979,0.4329450899770021
46,0,100,RL_adaptive_drift,0.5757719619475167,0.4242280380524833
46,0,250,RL_adaptive_drift,0.5662888518755621,0.4337111481244379
46,0,500,RL_adaptive_drift,0.5746200720034944,0.4253799279965056
46,1,10,RL_adaptive_drift,0.5742688947345806,0.42573110526541935
46,1,25,RL_adaptive_drift,0.5750542684503309,0.4249457315496691
46,1,50,RL_adaptive_drift,0.5727106679667252,0.4272893320332748
46,1,100,RL_adaptive_drift,0.5835414383401492,0.41645856165985085
46,1,250,RL_adaptive_drift,0.5831820942821638,0.41681790571783617
46,1,500,RL_adaptive_drift,0.5736967737173231,0.4263032262826769
46,2,10,RL_adaptive_drift,0.5704460170341186,0.42955398296588143
46,2,25,RL_adaptive_drift,0.5733399438005796,0.4266600561994204
46,2,50,RL_adaptive_drift,0.5692258518862072,0.4307741481137928
46,2,100,RL_adaptive_drift,0.5786225647644089,0.4213774352355911
46,2,250,RL_adaptive_drift,0.562665859660295,0.43733414033970497
46,2,500,RL_adaptive_drift,0.6254179865040024,0.3745820134959976
46,3,10,RL_adaptive_drift,0.5699636035369565,0.4300363964630435
46,3,25,RL_adaptive_drift,0.5766861897456722,0.4233138102543278
46,3,50,RL_adaptive_drift,0.5658858989439565,0.43411410105604353
46,3,100,RL_adaptive_drift,0.5654405889886859,0.4345594110113141
46,3,250,RL_adaptive_drift,0.5870016604318727,0.41299833956812726
46,3,500,RL_adaptive_drift,0.5857985949669244,0.41420140503307556
46,4,10,RL_adaptive_drift,0.5707666549257581,0.42923334507424193
46,4,25,RL_adaptive_drift,0.5677169774876946,0.43228302251230544
46,4,50,RL_adaptive_drift,0.5688725893270731,0.4311274106729269
46,4,100,RL_adaptive_drift,0.5775463507511728,0.4224536492488272
46,4,250,RL_adaptive_drift,0.5962765987947278,0.40372340120527217
46,4,500,RL_adaptive_drift,0.5499461828253941,0.4500538171746059
47,0,10,RL_adaptive_drift,0.2607601562870551,0.7392398437129448
47,0,25,RL_adaptive_drift,0.2626407078412863,0.7373592921587138
47,0,50,RL_adaptive_drift,0.2583557452340841,0.7416442547659159
47,0,100,RL_adaptive_drift,0.26731769275357725,0.7326823072464228
47,0,250,RL_adaptive_drift,0.25651395860869936,0.7434860413913007
47,0,500,RL_adaptive_drift,0.27177988585266455,0.7282201141473355
47,1,10,RL_adaptive_drift,0.2633072140893702,0.7366927859106298
47,1,25,RL_adaptive_drift,0.25997347313678554,0.7400265268632145
47,1,50,RL_adaptive_drift,0.2696619407756594,0.7303380592243406
47,1,100,RL_adaptive_drift,0.2636088304628219,0.7363911695371781
47,1,250,RL_adaptive_drift,0.2301563702580909,0.7698436297419091
47,1,500,RL_adaptive_drift,0.2350959787516762,0.7649040212483238
47,2,10,RL_adaptive_drift,0.000248020842713386,0.9997519791572866
47,2,25,RL_adaptive_drift,0.2634996280923181,0.7365003719076819
47,2,50,RL_adaptive_drift,0.24840552343315592,0.7515944765668441
47,2,100,RL_adaptive_drift,0.26334404633080133,0.7366559536691987
47,2,250,RL_adaptive_drift,0.23448606561038468,0.7655139343896153
47,2,500,RL_adaptive_drift,0.2812525367862652,0.7187474632137347
47,3,10,RL_adaptive_drift,0.26533926238799527,0.7346607376120047
47,3,25,RL_adaptive_drift,0.259508254729465,0.7404917452705351
47,3,50,RL_adaptive_drift,0.2492891579537477,0.7507108420462523
47,3,100,RL_adaptive_drift,0.2735733290654725,0.7264266709345275
47,3,250,RL_adaptive_drift,0.2823585733575291,0.7176414266424709
47,3,500,RL_adaptive_drift,0.27342055649421565,0.7265794435057844
47,4,10,RL_adaptive_drift,0.2611404137048445,0.7388595862951555
47,4,25,RL_adaptive_drift,0.25875140538097763,0.7412485946190224
47,4,50,RL_adaptive_drift,0.2554286700848282,0.7445713299151717
47,4,100,RL_adaptive_drift,0.2580772770366054,0.7419227229633947
47,4,250,RL_adaptive_drift,0.2584598553045068,0.7415401446954932
47,4,500,RL_adaptive_drift,0.2243672413000101,0.7756327586999899
48,0,10,RL_adaptive_drift,0.09452827311053436,0.9054717268894656
48,0,25,RL_adaptive_drift,0.09293723258992743,0.9070627674100725
48,0,50,RL_adaptive_drift,0.09563080921788945,0.9043691907821105
48,0,100,RL_adaptive_drift,0.08521597698589863,0.9147840230141013
48,0,250,RL_adaptive_drift,0.10124255534748039,0.8987574446525196
48,0,500,RL_adaptive_drift,0.07980939779940349,0.9201906022005966
48,1,10,RL_adaptive_drift,0.0926042832945097,0.9073957167054902
48,1,25,RL_adaptive_drift,0.0910020863846299,0.9089979136153701
48,1,50,RL_adaptive_drift,0.09367778060431216,0.9063222193956878
48,1,100,RL_adaptive_drift,0.08993741404309705,0.9100625859569029
48,1,250,RL_adaptive_drift,0.09197533833361912,0.9080246616663809
48,1,500,RL_adaptive_drift,0.09885614808391521,0.9011438519160848
48,2,10,RL_adaptive_drift,0.0951806630963299,0.9048193369036701
48,2,25,RL_adaptive_drift,0.0976178827354636,0.9023821172645364
48,2,50,RL_adaptive_drift,0.09498893603987853,0.9050110639601214
48,2,100,RL_adaptive_drift,0.10195669561224904,0.8980433043877509
48,2,250,RL_adaptive_drift,0.07973517875377892,0.9202648212462211
48,2,500,RL_adaptive_drift,0.09113990984527458,0.9088600901547255
48,3,10,RL_adaptive_drift,0.0946277008559799,0.9053722991440201
48,3,25,RL_adaptive_drift,0.09146623323682289,0.9085337667631771
48,3,50,RL_adaptive_drift,0.09551419251693108,0.904485807483069
48,3,100,RL_adaptive_drift,0.10321984229327832,0.8967801577067217
48,3,250,RL_adaptive_drift,0.09364976310811027,0.9063502368918898
48,3,500,RL_adaptive_drift,0.07504351024920042,0.9249564897507996
48,4,10,RL_adaptive_drift,0.21519063843466657,0.7848093615653334
48,4,25,RL_adaptive_drift,0.09322731677304337,0.9067726832269566
48,4,50,RL_adaptive_drift,0.0868712153517842,0.9131287846482158
48,4,100,RL_adaptive_drift,0.09236481275787964,0.9076351872421203
48,4,250,RL_adaptive_drift,0.10354818675979514,0.8964518132402048
48,4,500,RL_adaptive_drift,0.10285213374622972,0.8971478662537703
49,0,10,RL_adaptive_drift,0.7450730221817775,0.2549269778182225
49,0,25,RL_adaptive_drift,0.7543559206555411,0.24564407934445887
49,0,50,RL_adaptive_drift,0.749466412352594,0.25053358764740596
49,0,100,RL_adaptive_drift,0.7585173404310953,0.2414826595689047
49,0,250,RL_adaptive_drift,0.7228504577764073,0.27714954222359267
49,0,500,RL_adaptive_drift,0.7148939763024612,0.2851060236975388
49,1,10,RL_adaptive_drift,0.7501722978767016,0.2498277021232984
49,1,25,RL_adaptive_drift,0.7558702396318473,0.2441297603681527
49,1,50,RL_adaptive_drift,0.7516755875637787,0.24832441243622128
49,1,100,RL_adaptive_drift,0.7397840967972302,0.26021590320276977
49,1,250,RL_adaptive_drift,0.7507772693635834,0.24922273063641665
49,1,500,RL_adaptive_drift,0.773189642081124,0.22681035791887605
49,2,10,RL_adaptive_drift,0.747947457460178,0.252052542539822
49,2,25,RL_adaptive_drift,0.7583842878652424,0.24161571213475763
49,2,50,RL_adaptive_drift,0.7421210819554422,0.25787891804455776
49,2,100,RL_adaptive_drift,0.7391891617685179,0.2608108382314821
49,2,250,RL_adaptive_drift,0.76681251568168,0.23318748431832004
49,2,500,RL_adaptive_drift,0.7763569042751739,0.2236430957248261
49,3,10,RL_adaptive_drift,0.7448521194423089,0.2551478805576911
49,3,25,RL_adaptive_drift,0.7511533744233838,0.2488466255766162
49,3,50,RL_adaptive_drift,0.7485012993633349,0.25149870063666513
49,3,100,RL_adaptive_drift,0.7453015096007187,0.2546984903992813
49,3,250,RL_adaptive_drift,0.7189469825621794,0.28105301743782063
49,3,500,RL_adaptive_drift,0.742836448579386,0.257163551420614
49,4,10,RL_adaptive_drift,0.7461039839010354,0.2538960160989646
49,4,25,RL_adaptive_drift,0.7459992801712334,0.2540007198287666
49,4,50,RL_adaptive_drift,0.7475518449683234,0.2524481550316766
49,4,100,RL_adaptive_drift,0.7277808332123364,0.27221916678766356
49,4,250,RL_adaptive_drift,0.7622736311003889,0.23772636889961107
49,4,500,RL_adaptive_drift,0.7623163918995608,0.2376836081004392
